name,date,5 stars,4 stars,3 stars,2 stars,1 stars,notice
"Paulaner Botschaft, Bochum Brückstraße 31",2026-05-16,"1,043",241,75,25,1,21 to 50 reviews removed due to defamation complaints.
"Paulaner Botschaft, Bochum Brückstraße 31",2026-05-16,"1,043",241,75,25,1,21 to 50 reviews removed due to defamation complaints.
"Paulaner Botschaft, Bochum Brückstraße 31",2026-05-16,"1,043",241,75,25,1,21 to 50 reviews removed due to defamation complaints.
"Paulaner Botschaft, Bochum Brückstraße 31",2026-05-16,"1,043",241,75,25,1,21 to 50 reviews removed due to defamation complaints.
"Paulaner Botschaft, Bochum Brückstraße 31",2026-05-16,"1,043",241,75,25,1,21 to 50 reviews removed due to defamation complaints.
"Trattoria Momo, Bochum Stadionring 9",2026-05-16,"1,794",406,144,21,24,
"Trattoria Momo, Bochum ",2026-05-16,"1,794",406,144,21,24,
"Una Más - Bochum, Bochum ",2026-05-16,682,181,44,16,24,
"Paulaner Botschaft, Bochum Brückstraße 31",2026-05-16,"1,043",241,75,25,1,21 to 50 reviews removed due to defamation complaints.
"Trattoria Momo, Bochum ","2026-05-16, 12:41","1,794",406,144,21,24,
"Trattoria Momo, Bochum ","2026-05-22, 18:09","1,797",406,144,21,24,
"Una Más - Bochum, Bochum ","2026-05-22, 18:09",682,181,44,16,24,
"Paulaner Botschaft, Bochum Brückstraße 31","2026-05-22, 18:10","1,046",242,75,25,1,21 to 50 reviews removed due to defamation complaints.
"Livingroom, Bochum Luisenstraße 9-13","2026-05-22, 18:10",755,268,90,38,31,
"Yamas mezé restaurant & weinbar, Bochum Massenbergstraße 1","2026-05-22, 18:10","1,446",484,146,71,70,
"Mutter Wittig, Bochum ","2026-05-22, 18:11",819,427,178,83,83,
"Taverna Avli, Bochum Luisenstraße 14","2026-05-22, 18:11",932,275,54,28,24,51 to 100 reviews removed due to defamation complaints.
"Steakhaus El Toro, Bochum Kreuzstraße 3","2026-05-22, 18:12","1,045",218,75,44,69,
"Five, Bochum ","2026-05-22, 18:12",139,8,1,4,1,
"Emma's, Bochum Hellweg 28-30","2026-05-22, 18:13",257,31,6,3,1,Two to five reviews removed due to defamation complaints.
"Begopa, Bochum Nordring 100","2026-05-22, 18:13",452,74,29,6,7,
"Restaurant Franz Ferdinand, Bochum ","2026-05-22, 18:13","1,305",366,100,56,43,
"Hatoky Restaurant, Bochum ","2026-05-22, 18:14","1,220",379,86,5,9,
"Ristorante Carmelo - Bochum, Bochum Max-Greve-Straße 32-34","2026-05-22, 18:14",835,190,42,11,21,
"Osteria al Vecchio Torchio, Bochum ","2026-05-22, 18:14",191,41,11,5,6,
"VIU Restaurant & Bar, Bochum","2026-05-22, 18:15",30,2,0,0,3,
"Potato Bochum, Bochum Huestraße 6","2026-05-22, 18:15",332,22,5,0,4,
"Giuseppe, Bochum ","2026-05-22, 18:16",427,67,5,0,1,Six to ten reviews removed due to defamation complaints.
"La Piazza Cafe-Osteria, Bochum Alter Markt 3","2026-05-22, 18:16",332,54,12,3,8,
"LEVAROSA, Bochum Herner Str. 36","2026-05-22, 18:16",603,71,36,27,26,
"Masala Project(Indien Culinary Art Restaurant), Bochum Viktoriastraße 71","2026-05-22, 18:17","1,074",76,29,16,47,
"Galletto Grill, Bochum Küppersstraße 41","2026-05-22, 18:17",472,89,27,16,26,
"Restaurant Aubergine, Bochum Pieperstraße 13","2026-05-22, 18:17",282,78,16,7,5,
"Mandragora, Bochum Konrad-Adenauer-Platz 1","2026-05-22, 18:18",360,190,59,13,14,
"Brauhaus Rietkötter, Bochum Große Beckstraße 7","2026-05-22, 18:18","1,139",457,100,45,45,
"Zum Grünen Gaul, Bochum Alte Hattinger Str. 31","2026-05-22, 18:19",481,112,38,12,21,
"Trattoria Momo, Bochum ","2026-05-22, 18:24","1,797",406,144,21,24,
"Una Más - Bochum, Bochum ","2026-05-22, 18:24",682,181,44,16,24,
"Paulaner Botschaft, Bochum Brückstraße 31","2026-05-22, 18:24","1,046",242,75,25,1,21 to 50 reviews removed due to defamation complaints.
"Livingroom, Bochum Luisenstraße 9-13","2026-05-22, 18:25",755,268,90,38,31,
"Yamas mezé restaurant & weinbar, Bochum Massenbergstraße 1","2026-05-22, 18:25","1,446",484,146,71,70,
"Mutter Wittig, Bochum ","2026-05-22, 18:26",819,427,178,83,83,
"Taverna Avli, Bochum Luisenstraße 14","2026-05-22, 18:26",932,275,54,28,24,51 to 100 reviews removed due to defamation complaints.
"Steakhaus El Toro, Bochum Kreuzstraße 3","2026-05-22, 18:26","1,045",218,75,44,69,
"Trattoria Momo, Bochum ","2026-05-22, 18:27","1,797",406,144,21,24,
"Una Más - Bochum, Bochum ","2026-05-22, 18:27",682,181,44,16,24,
"Paulaner Botschaft, Bochum Brückstraße 31","2026-05-22, 18:28","1,046",242,75,25,1,21 to 50 reviews removed due to defamation complaints.
"Livingroom, Bochum Luisenstraße 9-13","2026-05-22, 18:28",755,268,90,38,31,
"Trattoria Momo, Bochum ","2026-05-22, 18:32","1,797",406,144,21,24,
"Trattoria Momo, Bochum ","2026-05-22, 18:38","1,797",406,144,21,24,
"Una Más - Bochum, Bochum ","2026-05-22, 18:38",682,181,44,16,24,
"Paulaner Botschaft, Bochum Brückstraße 31","2026-05-22, 18:39","1,046",242,75,25,1,21 to 50 reviews removed due to defamation complaints.
"Trattoria Momo, Bochum ","2026-05-27, 13:27","1,803",407,145,21,24,
"Una Más - Bochum, Bochum ","2026-05-27, 13:27",682,181,44,16,24,
"Paulaner Botschaft, Bochum Brückstraße 31","2026-05-27, 13:28","1,048",243,75,25,1,21 to 50 reviews removed due to defamation complaints.
"Livingroom, Bochum Luisenstraße 9-13","2026-05-27, 13:28",755,268,90,38,31,
"Yamas mezé restaurant & weinbar, Bochum Massenbergstraße 1","2026-05-27, 13:29","1,446",484,146,71,70,
"Mutter Wittig, Bochum ","2026-05-27, 13:29",819,428,178,83,83,
"Taverna Avli, Bochum Luisenstraße 14","2026-05-27, 13:29",934,275,54,28,24,51 to 100 reviews removed due to defamation complaints.
"Steakhaus El Toro, Bochum Kreuzstraße 3","2026-05-27, 13:30","1,045",218,75,44,70,
"Five, Bochum ","2026-05-27, 13:30",139,8,1,4,1,
"Emma's, Bochum Hellweg 28-30","2026-05-27, 13:30",257,31,6,3,1,Two to five reviews removed due to defamation complaints.
"Begopa, Bochum Nordring 100","2026-05-27, 13:31",452,74,29,6,7,
"Trattoria Momo, Bochum ","2026-05-28, 09:01","1,805",407,145,21,24,
"Una Más - Bochum, Bochum ","2026-05-28, 09:02",682,181,44,16,24,
"Paulaner Botschaft, Bochum Brückstraße 31","2026-05-28, 09:02","1,049",243,75,25,1,21 to 50 reviews removed due to defamation complaints.
"Livingroom, Bochum Luisenstraße 9-13","2026-05-28, 09:03",755,268,90,38,31,
"Yamas mezé restaurant & weinbar, Bochum Massenbergstraße 1","2026-05-28, 09:03","1,446",484,146,71,70,
"Mutter Wittig, Bochum ","2026-05-28, 09:03",819,428,178,83,83,
"Taverna Avli, Bochum Luisenstraße 14","2026-05-28, 09:04",934,275,54,28,24,51 to 100 reviews removed due to defamation complaints.
"Steakhaus El Toro, Bochum Kreuzstraße 3","2026-05-28, 09:04","1,045",218,75,44,70,
"Five, Bochum ","2026-05-28, 09:04",139,8,1,4,1,
"Emma's, Bochum Hellweg 28-30","2026-05-28, 09:05",257,31,6,3,1,Two to five reviews removed due to defamation complaints.
"Begopa, Bochum Nordring 100","2026-05-28, 09:05",452,74,29,6,7,
"Restaurant Franz Ferdinand, Bochum ","2026-05-28, 09:05","1,307",367,100,56,43,
"Hatoky Restaurant, Bochum ","2026-05-28, 09:06","1,221",379,86,5,9,
"Ristorante Carmelo - Bochum, Bochum Max-Greve-Straße 32-34","2026-05-28, 09:06",837,191,42,11,21,
"Osteria al Vecchio Torchio, Bochum ","2026-05-28, 09:06",193,41,11,5,6,
"VIU Restaurant & Bar, Bochum","2026-05-28, 09:07",30,2,0,0,3,
"Potato Bochum, Bochum Huestraße 6","2026-05-28, 09:07",332,22,5,0,4,
"Giuseppe, Bochum ","2026-05-28, 09:07",427,67,5,0,1,Six to ten reviews removed due to defamation complaints.
"La Piazza Cafe-Osteria, Bochum Alter Markt 3","2026-05-28, 09:08",333,54,12,3,8,
"LEVAROSA, Bochum Herner Str. 36","2026-05-28, 09:08",603,71,36,27,27,
"Masala Project(Indien Culinary Art Restaurant), Bochum Viktoriastraße 71","2026-05-28, 09:08","1,074",76,29,16,47,
"Galletto Grill, Bochum Küppersstraße 41","2026-05-28, 09:09",472,89,27,16,26,
"Restaurant Aubergine, Bochum Pieperstraße 13","2026-05-28, 09:09",282,78,16,7,5,
"Mandragora, Bochum Konrad-Adenauer-Platz 1","2026-05-28, 09:09",360,190,59,13,14,
"Brauhaus Rietkötter, Bochum Große Beckstraße 7","2026-05-28, 09:10","1,141",458,100,45,45,
"Zum Grünen Gaul, Bochum Alte Hattinger Str. 31","2026-05-28, 09:10",482,112,38,12,21,
"Sakura Bochum, Bochum Castroper Str. 204","2026-05-28, 09:11","2,145",611,155,45,56,
"Nhy Star, Bochum Brüderstraße 5","2026-05-28, 09:11",799,236,62,24,44,
"Bratwursthaus, Bochum Kortumstraße 18","2026-05-28, 09:11","2,981",592,197,73,79,
"COM Vietnamese Kitchen, Bochum Huestraße 5","2026-05-28, 09:12",328,51,18,12,5,
"Pablo, Bochum ","2026-05-28, 09:12",411,106,37,11,18,
"L'Osteria Bochum Husemann Karree, Bochum Viktoriastraße 14 a","2026-05-28, 09:12",853,112,37,24,31,
"TAKE - THE GOOD FOOD Bochum, Bochum Kortumstraße 49","2026-05-28, 09:13",187,11,1,1,6,
"AOSORA, Bochum Hellweg 18","2026-05-28, 09:13",286,70,26,7,5,
"Dooby’s Vegan Streetfood, Bochum ","2026-05-28, 09:13",262,11,1,1,7,
"TequilaRia Bochum, Bochum ","2026-05-28, 09:14",717,189,92,38,69,Six to ten reviews removed due to defamation complaints.
"The ASH Bochum, Bochum Am Einkaufszentrum 4a","2026-05-28, 09:14","5,511",966,445,307,351,
"Purino Bochum im Strätlingshof, Bochum Altenbochumer Str. 64","2026-05-28, 09:14",45,11,5,4,4,
"Restaurant Korabi, Bochum ","2026-05-28, 09:15",387,49,16,7,3,
"Tapas Bar und Restaurant - Bochum, Bochum Kortumstraße 3","2026-05-28, 09:15",493,219,65,21,20,
"Badalona Bar, Bochum Brüderstraße 2","2026-05-28, 09:16",309,155,49,1,6,11 to 20 reviews removed due to defamation complaints.
"Hartmann's Wirtshaus, Bochum Wasserstraße 77","2026-05-28, 09:16",416,142,44,20,25,
"Mufasa Bar, Brunch & Restaurant - Bochum, Bochum Widumestraße 6","2026-05-28, 09:16",241,54,2,1,2,11 to 20 reviews removed due to defamation complaints.
"Bat Viet, Bochum U. Marktstraße 9","2026-05-28, 09:17",510,53,10,8,15,
"Falafel Star, Bochum ","2026-05-28, 09:17",633,54,11,4,8,
"Zur Altstadt Bochum, Bochum Brückstraße 20","2026-05-28, 09:17",496,222,51,16,18,
"Citana Restaurant, Bochum Kortumstraße 29","2026-05-28, 09:18",459,78,27,13,24,
"Coco Loco, Bochum Berneckerstraße 23","2026-05-28, 09:18",581,218,55,35,32,
"El Rancho, Bochum Willy-Brandt-Platz 5","2026-05-28, 09:18",981,247,82,31,30,
"Zentral, Bochum ","2026-05-28, 09:19",573,268,86,36,30,
"Wok‘ n Roll, Bochum Kortumstraße 36","2026-05-28, 09:19",939,263,54,4,4,
"Zlatanz Cucina Italiana, Bochum Huestraße 5","2026-05-28, 09:19",371,39,1,0,0,Two to five reviews removed due to defamation complaints.
"Fiege's Stammhaus, Bochum Bongardstraße 23","2026-05-28, 09:20",765,413,124,0,0,Two to five reviews removed due to defamation complaints.
"kantine.wtf, Bochum ","2026-05-28, 09:20",115,13,6,7,6,
"Oktober Café, Bochum Willy-Brandt-Platz 5-7","2026-05-28, 09:20",533,107,52,6,1,21 to 50 reviews removed due to defamation complaints.
"Kimbap Spot, Bochum Ostring 22","2026-05-28, 09:21",695,84,26,13,16,
"Taste-Trip Restaurant Bochum Innenstadt, Bochum ","2026-05-28, 09:21",16,0,0,0,0,
"Tarbosch Restaurant مطعم طربوش, Bochum Massenbergstraße 26","2026-05-28, 09:21",227,20,7,3,56,
"Trattoria Momo, Bochum ","2026-05-28, 09:31","1,805",407,145,21,24,
"Una Más - Bochum, Bochum ","2026-05-28, 09:32",682,181,44,16,24,
"Paulaner Botschaft, Bochum Brückstraße 31","2026-05-28, 09:32","1,049",243,75,25,1,21 to 50 reviews removed due to defamation complaints.
"Livingroom, Bochum Luisenstraße 9-13","2026-05-28, 09:33",755,268,90,38,31,
"Yamas mezé restaurant & weinbar, Bochum Massenbergstraße 1","2026-05-28, 09:33","1,446",484,146,71,70,
"Mutter Wittig, Bochum ","2026-05-28, 09:33",819,428,178,83,83,
"Taverna Avli, Bochum Luisenstraße 14","2026-05-28, 09:34",934,275,54,28,24,51 to 100 reviews removed due to defamation complaints.
"Steakhaus El Toro, Bochum Kreuzstraße 3","2026-05-28, 09:34","1,045",218,75,44,70,
"Five, Bochum ","2026-05-28, 09:35",139,8,1,4,1,
"Emma's, Bochum Hellweg 28-30","2026-05-28, 09:35",257,31,6,3,1,Two to five reviews removed due to defamation complaints.
"Begopa, Bochum Nordring 100","2026-05-28, 09:36",452,74,29,6,7,
"Restaurant Franz Ferdinand, Bochum ","2026-05-28, 09:36","1,307",367,100,56,43,
"Hatoky Restaurant, Bochum ","2026-05-28, 09:37","1,221",379,86,5,9,
"Ristorante Carmelo - Bochum, Bochum Max-Greve-Straße 32-34","2026-05-28, 09:37",837,191,42,11,21,
"Osteria al Vecchio Torchio, Bochum ","2026-05-28, 09:38",193,41,11,5,6,
"VIU Restaurant & Bar, Bochum","2026-05-28, 09:38",30,2,0,0,3,
"Potato Bochum, Bochum Huestraße 6","2026-05-28, 09:38",332,22,5,0,4,
"Giuseppe, Bochum ","2026-05-28, 09:39",427,67,5,0,1,Six to ten reviews removed due to defamation complaints.
"La Piazza Cafe-Osteria, Bochum Alter Markt 3","2026-05-28, 09:39",333,54,12,3,8,
"LEVAROSA, Bochum Herner Str. 36","2026-05-28, 09:39",603,71,36,27,27,
"Masala Project(Indien Culinary Art Restaurant), Bochum Viktoriastraße 71","2026-05-28, 09:40","1,074",76,29,16,47,
"Galletto Grill, Bochum Küppersstraße 41","2026-05-28, 09:40",472,89,27,16,26,
"Restaurant Aubergine, Bochum Pieperstraße 13","2026-05-28, 09:40",282,78,16,7,5,
"Mandragora, Bochum Konrad-Adenauer-Platz 1","2026-05-28, 09:41",360,190,59,13,14,
"Brauhaus Rietkötter, Bochum Große Beckstraße 7","2026-05-28, 09:41","1,141",458,100,45,45,
"Zum Grünen Gaul, Bochum Alte Hattinger Str. 31","2026-05-28, 09:41",482,112,38,12,21,
"Sakura Bochum, Bochum Castroper Str. 204","2026-05-28, 09:42","2,145",611,155,45,56,
"Nhy Star, Bochum Brüderstraße 5","2026-05-28, 09:42",799,236,62,24,44,
"Bratwursthaus, Bochum Kortumstraße 18","2026-05-28, 09:42","2,981",592,197,73,79,
"COM Vietnamese Kitchen, Bochum Huestraße 5","2026-05-28, 09:43",328,51,18,12,5,
"Pablo, Bochum ","2026-05-28, 09:43",411,106,37,11,18,
"L'Osteria Bochum Husemann Karree, Bochum Viktoriastraße 14 a","2026-05-28, 09:43",853,112,37,24,31,
"TAKE - THE GOOD FOOD Bochum, Bochum Kortumstraße 49","2026-05-28, 09:44",187,11,1,1,6,
"AOSORA, Bochum Hellweg 18","2026-05-28, 09:44",286,70,26,7,5,
"Dooby’s Vegan Streetfood, Bochum ","2026-05-28, 09:44",262,11,1,1,7,
"TequilaRia Bochum, Bochum ","2026-05-28, 09:45",717,189,92,38,69,Six to ten reviews removed due to defamation complaints.
"The ASH Bochum, Bochum Am Einkaufszentrum 4a","2026-05-28, 09:45","5,511",966,445,307,351,
"Purino Bochum im Strätlingshof, Bochum Altenbochumer Str. 64","2026-05-28, 09:45",45,11,5,4,4,
"Restaurant Korabi, Bochum ","2026-05-28, 09:46",387,49,16,7,3,
"Tapas Bar und Restaurant - Bochum, Bochum Kortumstraße 3","2026-05-28, 09:46",493,219,65,21,20,
"Badalona Bar, Bochum Brüderstraße 2","2026-05-28, 09:47",309,155,49,1,6,11 to 20 reviews removed due to defamation complaints.
"Hartmann's Wirtshaus, Bochum Wasserstraße 77","2026-05-28, 09:48",416,142,44,20,25,
"Mufasa Bar, Brunch & Restaurant - Bochum, Bochum Widumestraße 6","2026-05-28, 13:32",241,54,2,1,2,11 to 20 reviews removed due to defamation complaints.
"Bat Viet, Bochum U. Marktstraße 9","2026-05-28, 13:33",510,53,10,8,15,
"Falafel Star, Bochum ","2026-05-28, 13:33",634,54,11,4,8,
"Zur Altstadt Bochum, Bochum Brückstraße 20","2026-05-28, 13:33",496,222,51,16,18,
"Citana Restaurant, Bochum Kortumstraße 29","2026-05-28, 13:34",459,78,27,13,24,
"Coco Loco, Bochum Berneckerstraße 23","2026-05-28, 13:34",582,218,55,35,32,
"El Rancho, Bochum Willy-Brandt-Platz 5","2026-05-28, 13:34",981,247,82,31,30,
"Zentral, Bochum ","2026-05-28, 13:35",573,268,86,36,30,
"Wok‘ n Roll, Bochum Kortumstraße 36","2026-05-28, 13:35",939,263,54,4,4,
"Zlatanz Cucina Italiana, Bochum Huestraße 5","2026-05-28, 13:36",371,39,1,0,0,Two to five reviews removed due to defamation complaints.
"Fiege's Stammhaus, Bochum Bongardstraße 23","2026-05-28, 13:36",765,413,124,0,0,Two to five reviews removed due to defamation complaints.
"kantine.wtf, Bochum ","2026-05-28, 13:36",115,13,6,7,6,
"Oktober Café, Bochum Willy-Brandt-Platz 5-7","2026-05-28, 13:37",533,107,52,6,1,21 to 50 reviews removed due to defamation complaints.
"Kimbap Spot, Bochum Ostring 22","2026-05-28, 13:37",695,84,26,13,16,
"Taste-Trip Restaurant Bochum Innenstadt, Bochum ","2026-05-28, 13:37",16,0,0,0,0,
"Tarbosch Restaurant مطعم طربوش, Bochum Massenbergstraße 26","2026-05-28, 13:38",227,20,7,3,56,
"Parkschlösschen am Stadtpark, Bochum Bergstraße 65","2026-05-28, 13:44",366,137,42,25,19,
"Hopfengarten, Bochum Hattinger Str. 237","2026-05-28, 13:45",363,97,30,13,15,
"Bitburger Wirtshaus, Bochum Kortumstraße 12 -14","2026-05-28, 13:45",322,119,31,22,85,
"Restaurant Wintergarten - internationale Spezialitäten, Bochum Weststraße 29","2026-05-28, 13:46",715,178,18,15,17,
"Restaurant Karawane, Bochum Große Beckstraße 27","2026-05-28, 13:46",375,131,51,16,20,
"THREE SIXTY, Bochum Kortumstraße 2-14","2026-05-28, 13:46","1,574",831,252,93,129,
"PASTA viva la mamma, Bochum ","2026-05-28, 13:47",465,134,52,19,24,
"Taubenschlag Gaststätte - Bochum, Bochum U. Marktstraße 7","2026-05-28, 13:47",208,59,15,4,8,
"Katzentempel Bochum, Bochum Huestraße 10","2026-05-28, 13:48","1,153",221,98,42,82,
"HANS IM GLÜCK - BOCHUM Kortumstraße, Bochum Kortumstraße 39","2026-05-28, 13:48","2,115",846,257,70,90,
"Suppen Schulz, Bochum ","2026-05-28, 13:48",138,14,0,0,0,
"Osaka - Bochum, Bochum ","2026-05-28, 13:49",82,19,7,2,3,
"Nefis | Brunch- und Frühstückssalon | Bochum, Bochum Alleestraße 26a","2026-05-28, 13:49",160,29,14,5,5,
"Hanoi October, Bochum Kortumstraße 140","2026-05-28, 13:49",290,41,14,14,29,
"Burger Brothers, Bochum ","2026-05-28, 13:50","1,023",166,69,68,59,
"K wie Kartoffel, Bochum Kurt-Schumacher-Platz 7","2026-05-28, 13:50",332,28,6,4,8,
"Gasthaus Goeke, Bochum Josephinenstraße 65","2026-05-28, 13:50",977,353,91,32,25,
"Havanna Bochum, Bochum Kreuzstraße 12","2026-05-28, 13:51",240,111,35,4,14,
"Leonidas, Bochum Annastraße 25","2026-05-28, 13:51",906,130,29,11,12,
"Farina Bochum UG & Co. KG, Bochum ","2026-05-28, 13:52",700,341,132,46,40,
"Dui Sushi Restaurant in Bochum, Bochum Hattinger Str. 402","2026-05-28, 13:52",381,54,18,8,10,
"HAS URFA (Halal grill), Bochum Alleestraße 26","2026-05-28, 13:52","1,670",481,208,75,253,
"KUMPELS im Deutschen Bergbau-Museum Bochum, Bochum Schillerstraße 20","2026-05-28, 13:53",153,17,19,8,11,
"Neuland Küche.Bar.Bühne, Bochum Rottstraße 15","2026-05-28, 13:53",135,37,11,6,3,
"Finca & Bar Celona Bochum, Bochum Gahlensche Str. 92","2026-05-28, 13:53","2,864","1,264",328,95,163,
"Blondies cafe / Bochum, Bochum Hattinger Str. 80","2026-05-28, 13:54",745,205,62,48,40,
"Gourmet Plaza Bochum, Bochum Viktoriastraße 14","2026-05-28, 13:54",32,1,0,2,1,Two to five reviews removed due to defamation complaints.
"YUMINI, Bochum Viktoriastraße 43-45","2026-05-28, 14:44","1,420",614,172,86,119,
"Restaurant Fässle, Bochum Nordring 50","2026-05-28, 14:44",75,21,4,1,4,
"Nandys Restaurant Bochum, Bochum Kortumstraße 9","2026-05-28, 14:45",177,19,11,8,19,
"Pizzeria Piccolo, Bochum Castroper Hellweg 417","2026-05-28, 14:45",346,34,8,6,11,
"Restaurant Side, Bochum ","2026-05-28, 14:46",787,258,84,36,49,
"Fischhaus Gräte, Bochum Hans-Böckler-Straße 22","2026-05-28, 14:46",340,80,27,11,19,
"Atinka African Bar & Restaurant, Bochum ","2026-05-28, 14:47",97,12,4,3,4,
"Restaurant Gut Mausbeck, Bochum Kornweg 36","2026-05-28, 14:47",261,89,27,1,16,21 to 50 reviews removed due to defamation complaints.
"Genki Bao & Burger, Bochum ","2026-05-28, 14:47",408,62,22,3,5,Two to five reviews removed due to defamation complaints.
"Veganland Cigköfte Bochum, Bochum Kortumstraße 25","2026-05-28, 14:54",171,5,0,0,7,
"Wie Du Willst - Imbiss - فلافل على كيفك, Bochum ","2026-05-28, 14:55",750,137,56,21,121,
"Sortie, Bochum Kortumstraße 22","2026-05-28, 14:55",187,44,17,3,15,11 to 20 reviews removed due to defamation complaints.
"Restaurant - Café Klosterhof, Bochum Am Varenholt 17","2026-05-28, 14:55",217,97,35,7,13,
"Best Friends Sushi, Bochum ","2026-05-28, 14:56",633,205,54,27,43,
"BOB'S Rock & Bowl Bochum, Bochum Kortumstraße 7","2026-05-28, 14:56",212,26,21,7,30,
"Restaurant Post's Lottental, Bochum Grimbergstraße 52","2026-05-28, 14:56",430,164,73,30,57,
"Restaurant Sorbas, Bochum Castroper Str. 137","2026-05-28, 14:57","1,030",409,253,144,249,
"Sunami, Bochum ","2026-05-28, 14:57",93,14,5,5,9,
"Sukhothai, Bochum Bochumer Str. 15","2026-05-28, 14:57","1,497",174,45,21,26,
"Haus des Döners, Bochum Kortumstraße 45","2026-05-28, 14:58",278,62,42,4,8,21 to 50 reviews removed due to defamation complaints.
"Das Syrische Restaurant, Bochum Kortumstraße 97-99","2026-05-28, 14:58","1,007",220,148,75,287,
"PIANO CAFÉ, Bochum Viktoriastraße 14 a","2026-05-28, 15:11",127,14,3,4,5,
"Café Enjoy the Place-Bochum, Bochum Große Beckstraße 12","2026-05-28, 15:12",19,2,0,0,0,
"Himalaya Imbiss, Bochum ","2026-05-28, 15:12",300,11,5,1,3,
"Café Barbera, Bochum Bleichstraße 2","2026-05-28, 15:12",303,18,5,1,8,
"Norm's Crepes & Hot Dogs - Bochum, Bochum ","2026-05-28, 15:13",164,1,2,0,1,
"Tanas, Bochum Königsallee 15","2026-05-28, 15:13",31,18,1,0,4,
"Pizzamanns Bochum, Bochum Kerkwege 2-4","2026-05-28, 15:13",251,67,10,1,5,51 to 100 reviews removed due to defamation complaints.
"SÖNER - Sucuk Döner, Bochum ","2026-05-28, 15:14",551,43,2,2,5,11 to 20 reviews removed due to defamation complaints.
"Cafe Zur Altstadt, Bochum Pariser Str. 40","2026-05-28, 15:14",273,80,35,7,24,
"Bermuda Döner,  Bochum Kortumstraße 17","2026-05-28, 15:15",85,15,2,4,12,51 to 100 reviews removed due to defamation complaints.
"Trattoria Momo, Bochum ","2026-05-31, 11:11","1,808",408,145,21,24,
"Una Más - Bochum, Bochum ","2026-05-31, 11:11",682,181,44,16,24,
"Trattoria Momo, Bochum ","2026-05-31, 12:05","1,808",408,145,21,24,
"Una Más - Bochum, Bochum ","2026-05-31, 12:05",682,181,44,16,24,
"Paulaner Botschaft, Bochum Brückstraße 31","2026-05-31, 12:05","1,051",243,75,25,1,21 to 50 reviews removed due to defamation complaints.
"Livingroom, Bochum Luisenstraße 9-13","2026-05-31, 12:06",755,268,91,38,31,
"Yamas mezé restaurant & weinbar, Bochum Massenbergstraße 1","2026-05-31, 12:06","1,447",485,146,71,70,
"Mutter Wittig, Bochum ","2026-05-31, 12:06",819,429,178,83,83,
"Taverna Avli, Bochum Luisenstraße 14","2026-05-31, 12:07",934,275,54,28,24,51 to 100 reviews removed due to defamation complaints.
"Steakhaus El Toro, Bochum Kreuzstraße 3","2026-05-31, 12:07","1,045",218,75,44,71,
"Five, Bochum ","2026-05-31, 12:08",139,8,1,4,1,
"Emma's, Bochum Hellweg 28-30","2026-05-31, 12:08",257,31,6,3,1,Two to five reviews removed due to defamation complaints.
"Begopa, Bochum Nordring 100","2026-05-31, 12:08",452,74,29,6,7,
"Restaurant Franz Ferdinand, Bochum ","2026-05-31, 12:09","1,309",367,100,56,43,
"Hatoky Restaurant, Bochum ","2026-05-31, 12:09","1,221",379,86,5,9,
"Ristorante Carmelo - Bochum, Bochum Max-Greve-Straße 32-34","2026-05-31, 12:10",838,191,42,11,21,
"Osteria al Vecchio Torchio, Bochum ","2026-05-31, 12:10",194,41,11,5,6,
"VIU Restaurant & Bar, Bochum","2026-05-31, 12:10",30,2,0,0,3,
"Potato Bochum, Bochum Huestraße 6","2026-05-31, 12:11",332,22,5,0,4,
"Giuseppe, Bochum ","2026-05-31, 12:11",429,67,5,0,1,Six to ten reviews removed due to defamation complaints.
"La Piazza Cafe-Osteria, Bochum Alter Markt 3","2026-05-31, 12:12",334,54,12,3,8,
"LEVAROSA, Bochum Herner Str. 36","2026-05-31, 12:12",606,71,36,27,27,
"Masala Project(Indien Culinary Art Restaurant), Bochum Viktoriastraße 71","2026-05-31, 12:12","1,075",76,29,16,47,
"Galletto Grill, Bochum Küppersstraße 41","2026-05-31, 12:13",472,89,28,16,27,
"Restaurant Aubergine, Bochum Pieperstraße 13","2026-05-31, 12:13",282,79,16,8,5,
"Mandragora, Bochum Konrad-Adenauer-Platz 1","2026-05-31, 12:13",360,190,59,13,14,
"Brauhaus Rietkötter, Bochum Große Beckstraße 7","2026-05-31, 12:14","1,142",458,100,45,45,
"Zum Grünen Gaul, Bochum Alte Hattinger Str. 31","2026-05-31, 12:14",482,112,38,12,21,
"Sakura Bochum, Bochum Castroper Str. 204","2026-05-31, 12:15","2,146",613,155,45,56,
"Nhy Star, Bochum Brüderstraße 5","2026-05-31, 12:15",799,236,62,24,44,
"Bratwursthaus, Bochum Kortumstraße 18","2026-05-31, 12:15","2,983",592,197,73,79,
"COM Vietnamese Kitchen, Bochum Huestraße 5","2026-05-31, 12:16",328,51,18,12,5,
"Pablo, Bochum ","2026-05-31, 12:16",411,106,37,11,18,
"L'Osteria Bochum Husemann Karree, Bochum Viktoriastraße 14 a","2026-05-31, 12:17",854,112,37,24,31,
"TAKE - THE GOOD FOOD Bochum, Bochum Kortumstraße 49","2026-05-31, 12:17",187,11,1,1,6,
"AOSORA, Bochum Hellweg 18","2026-05-31, 12:17",286,70,26,7,5,
"Dooby’s Vegan Streetfood, Bochum ","2026-05-31, 12:18",263,11,1,1,7,
"TequilaRia Bochum, Bochum ","2026-05-31, 12:18",718,189,93,38,69,Six to ten reviews removed due to defamation complaints.
"The ASH Bochum, Bochum Am Einkaufszentrum 4a","2026-05-31, 12:19","5,514",967,446,307,351,
"Purino Bochum im Strätlingshof, Bochum Altenbochumer Str. 64","2026-05-31, 12:19",46,12,5,4,4,
"Restaurant Korabi, Bochum ","2026-05-31, 12:19",387,49,16,7,3,
"Tapas Bar und Restaurant - Bochum, Bochum Kortumstraße 3","2026-05-31, 12:20",493,219,65,21,20,
"Badalona Bar, Bochum Brüderstraße 2","2026-05-31, 12:20",309,155,49,1,6,11 to 20 reviews removed due to defamation complaints.
"Hartmann's Wirtshaus, Bochum Wasserstraße 77","2026-05-31, 12:21",418,142,44,20,25,
"Mufasa Bar, Brunch & Restaurant - Bochum, Bochum Widumestraße 6","2026-05-31, 12:21",242,54,2,1,3,11 to 20 reviews removed due to defamation complaints.
"Bat Viet, Bochum U. Marktstraße 9","2026-05-31, 12:22",510,53,10,8,15,
"Falafel Star, Bochum ","2026-05-31, 12:22",635,54,11,4,8,
"Zur Altstadt Bochum, Bochum Brückstraße 20","2026-05-31, 12:22",497,222,51,17,18,
"Citana Restaurant, Bochum Kortumstraße 29","2026-05-31, 12:23",459,78,27,14,24,
"Coco Loco, Bochum Berneckerstraße 23","2026-05-31, 12:23",583,219,55,35,32,
"El Rancho, Bochum Willy-Brandt-Platz 5","2026-05-31, 12:23",982,247,82,31,30,
"Zentral, Bochum ","2026-05-31, 12:24",573,268,3,36,30,
"Wok‘ n Roll, Bochum Kortumstraße 36","2026-05-31, 12:25",939,264,54,4,4,
"Zlatanz Cucina Italiana, Bochum Huestraße 5","2026-05-31, 12:25",371,39,1,0,0,Two to five reviews removed due to defamation complaints.
"Fiege's Stammhaus, Bochum Bongardstraße 23","2026-05-31, 12:25",765,413,124,0,0,Two to five reviews removed due to defamation complaints.
"kantine.wtf, Bochum ","2026-05-31, 12:26",115,13,6,7,6,
"Oktober Café, Bochum Willy-Brandt-Platz 5-7","2026-05-31, 12:26",533,107,52,6,2,21 to 50 reviews removed due to defamation complaints.
"Kimbap Spot, Bochum Ostring 22","2026-05-31, 12:27",697,84,26,13,16,
"Taste-Trip Restaurant Bochum Innenstadt, Bochum ","2026-05-31, 12:27",30,0,0,0,0,
"Tarbosch Restaurant مطعم طربوش, Bochum Massenbergstraße 26","2026-05-31, 12:28",227,20,7,3,56,
"Parkschlösschen am Stadtpark, Bochum Bergstraße 65","2026-05-31, 12:35",366,137,42,25,19,
"Hopfengarten, Bochum Hattinger Str. 237","2026-05-31, 12:36",363,97,30,13,15,
"Bitburger Wirtshaus, Bochum Kortumstraße 12 -14","2026-05-31, 12:36",322,119,31,22,85,
"Restaurant Wintergarten - internationale Spezialitäten, Bochum Weststraße 29","2026-05-31, 12:36",715,178,18,15,17,
"Restaurant Karawane, Bochum Große Beckstraße 27","2026-05-31, 12:37",375,131,51,16,20,
"THREE SIXTY, Bochum Kortumstraße 2-14","2026-05-31, 12:37","1,575",830,253,93,129,
"PASTA viva la mamma, Bochum ","2026-05-31, 12:37",465,134,52,19,24,
"Taubenschlag Gaststätte - Bochum, Bochum U. Marktstraße 7","2026-05-31, 12:38",208,59,15,4,8,
"Katzentempel Bochum, Bochum Huestraße 10","2026-05-31, 12:38","1,155",222,98,42,82,
"HANS IM GLÜCK - BOCHUM Kortumstraße, Bochum Kortumstraße 39","2026-05-31, 12:38","2,115",847,257,70,90,
"Suppen Schulz, Bochum ","2026-05-31, 12:39",138,14,0,0,0,
"Osaka - Bochum, Bochum ","2026-05-31, 12:39",82,19,7,2,3,
"Nefis | Brunch- und Frühstückssalon | Bochum, Bochum Alleestraße 26a","2026-05-31, 12:40",161,29,14,5,5,
"Hanoi October, Bochum Kortumstraße 140","2026-05-31, 12:40",290,41,14,14,29,
"Burger Brothers, Bochum ","2026-05-31, 12:40","1,023",166,69,68,59,
"K wie Kartoffel, Bochum Kurt-Schumacher-Platz 7","2026-05-31, 12:41",332,28,6,4,8,
"Gasthaus Goeke, Bochum Josephinenstraße 65","2026-05-31, 12:41",978,353,91,32,25,
"Havanna Bochum, Bochum Kreuzstraße 12","2026-05-31, 12:41",240,111,35,4,14,
"Leonidas, Bochum Annastraße 25","2026-05-31, 12:42",906,130,29,11,12,
"Farina Bochum UG & Co. KG, Bochum ","2026-05-31, 12:42",700,341,132,46,40,
"Dui Sushi Restaurant in Bochum, Bochum Hattinger Str. 402","2026-05-31, 12:42",382,54,18,8,10,
"HAS URFA (Halal grill), Bochum Alleestraße 26","2026-05-31, 12:43","1,672",481,208,75,253,
"KUMPELS im Deutschen Bergbau-Museum Bochum, Bochum Schillerstraße 20","2026-05-31, 12:43",153,17,19,8,11,
"Neuland Küche.Bar.Bühne, Bochum Rottstraße 15","2026-05-31, 12:43",135,37,11,6,3,
"Finca & Bar Celona Bochum, Bochum Gahlensche Str. 92","2026-05-31, 12:44","2,868","1,265",328,95,163,
"Blondies cafe / Bochum, Bochum Hattinger Str. 80","2026-05-31, 12:44",746,205,62,48,40,
"Gourmet Plaza Bochum, Bochum Viktoriastraße 14","2026-05-31, 12:44",33,1,1,2,1,Two to five reviews removed due to defamation complaints.
"YUMINI, Bochum Viktoriastraße 43-45","2026-05-31, 12:51","1,421",615,172,86,119,
"Restaurant Fässle, Bochum Nordring 50","2026-05-31, 12:52",75,21,4,1,4,
"Nandys Restaurant Bochum, Bochum Kortumstraße 9","2026-05-31, 12:52",177,19,11,8,19,
"Pizzeria Piccolo, Bochum Castroper Hellweg 417","2026-05-31, 12:53",346,34,8,6,11,
"Restaurant Side, Bochum ","2026-05-31, 12:53",789,4,84,36,49,
"Fischhaus Gräte, Bochum Hans-Böckler-Straße 22","2026-05-31, 12:54",340,80,27,11,19,
"Atinka African Bar & Restaurant, Bochum ","2026-05-31, 12:55",97,12,4,3,4,
"Restaurant Gut Mausbeck, Bochum Kornweg 36","2026-05-31, 12:56",261,89,27,1,16,21 to 50 reviews removed due to defamation complaints.
"Genki Bao & Burger, Bochum ","2026-05-31, 12:56",408,62,22,3,5,Two to five reviews removed due to defamation complaints.
"Veganland Cigköfte Bochum, Bochum Kortumstraße 25","2026-05-31, 13:03",171,5,0,0,7,
"Wie Du Willst - Imbiss - فلافل على كيفك, Bochum ","2026-05-31, 13:04",750,137,56,22,121,
"Sortie, Bochum Kortumstraße 22","2026-05-31, 13:04",187,44,17,3,15,11 to 20 reviews removed due to defamation complaints.
"Restaurant - Café Klosterhof, Bochum Am Varenholt 17","2026-05-31, 13:04",217,97,35,7,13,
"Best Friends Sushi, Bochum ","2026-05-31, 13:05",633,205,54,27,43,
"BOB'S Rock & Bowl Bochum, Bochum Kortumstraße 7","2026-05-31, 13:05",213,26,21,7,30,
"Restaurant Post's Lottental, Bochum Grimbergstraße 52","2026-05-31, 13:06",432,164,73,30,57,
"Restaurant Sorbas, Bochum Castroper Str. 137","2026-05-31, 13:06","1,031",410,253,144,249,
"Sunami, Bochum ","2026-05-31, 13:06",94,15,5,5,9,
"Sukhothai, Bochum Bochumer Str. 15","2026-05-31, 13:07","1,497",174,45,21,26,
"Haus des Döners, Bochum Kortumstraße 45","2026-05-31, 13:07",279,62,42,4,8,21 to 50 reviews removed due to defamation complaints.
"Das Syrische Restaurant, Bochum Kortumstraße 97-99","2026-05-31, 13:07","1,007",220,148,75,287,
"PIANO CAFÉ, Bochum Viktoriastraße 14 a","2026-05-31, 13:20",127,14,3,4,5,
"Café Enjoy the Place-Bochum, Bochum Große Beckstraße 12","2026-05-31, 13:21",19,2,0,0,0,
"Himalaya Imbiss, Bochum ","2026-05-31, 13:21",300,11,5,1,3,
"Café Barbera, Bochum Bleichstraße 2","2026-05-31, 13:21",303,18,5,1,8,
"Norm's Crepes & Hot Dogs - Bochum, Bochum ","2026-05-31, 13:22",164,1,2,0,1,
"Tanas, Bochum Königsallee 15","2026-05-31, 13:22",31,18,1,0,4,
"Pizzamanns Bochum, Bochum Kerkwege 2-4","2026-05-31, 13:23",251,67,10,1,5,51 to 100 reviews removed due to defamation complaints.
"SÖNER - Sucuk Döner, Bochum ","2026-05-31, 13:23",559,43,2,2,5,11 to 20 reviews removed due to defamation complaints.
"Cafe Zur Altstadt, Bochum Pariser Str. 40","2026-05-31, 13:23",273,80,35,7,24,
"Bermuda Döner,  Bochum Kortumstraße 17","2026-05-31, 13:24",86,15,2,4,12,51 to 100 reviews removed due to defamation complaints.
"Trattoria Momo, Bochum ","2026-05-31, 18:05","1,808",408,145,21,24,
"Una Más - Bochum, Bochum ","2026-05-31, 18:05",682,181,44,16,24,
"Paulaner Botschaft, Bochum Brückstraße 31","2026-05-31, 18:06","1,052",243,75,25,1,
"Livingroom, Bochum Luisenstraße 9-13","2026-05-31, 18:06",755,4,91,38,31,
"Yamas mezé restaurant & weinbar, Bochum Massenbergstraße 1","2026-05-31, 18:07","1,447",4,146,71,70,
"Mutter Wittig, Bochum ","2026-05-31, 18:07",819,429,179,83,83,
"Taverna Avli, Bochum Luisenstraße 14","2026-05-31, 18:09",934,275,54,28,24,51 to 100 reviews removed due to defamation complaints.
"Steakhaus El Toro, Bochum Kreuzstraße 3","2026-05-31, 18:09","1,045",218,75,44,71,
"Five, Bochum ","2026-05-31, 18:10",139,8,1,4,1,
"Emma's, Bochum Hellweg 28-30","2026-05-31, 18:10",257,31,6,3,1,Two to five reviews removed due to defamation complaints.
"Begopa, Bochum Nordring 100","2026-05-31, 18:11",452,74,29,6,7,
"Restaurant Franz Ferdinand, Bochum ","2026-05-31, 18:11",5,367,100,56,43,
"Hatoky Restaurant, Bochum ","2026-05-31, 18:12","1,221",379,86,5,9,
"Ristorante Carmelo - Bochum, Bochum Max-Greve-Straße 32-34","2026-05-31, 18:13",838,191,42,11,21,
"Osteria al Vecchio Torchio, Bochum ","2026-05-31, 18:13",194,41,11,5,6,
"VIU Restaurant & Bar, Bochum","2026-05-31, 18:14",30,2,0,0,3,
"Potato Bochum, Bochum Huestraße 6","2026-05-31, 18:14",332,22,5,0,4,
"Giuseppe, Bochum ","2026-05-31, 18:15",429,67,5,0,1,Six to ten reviews removed due to defamation complaints.
"La Piazza Cafe-Osteria, Bochum Alter Markt 3","2026-05-31, 18:15",334,54,12,3,8,
"LEVAROSA, Bochum Herner Str. 36","2026-05-31, 18:16",606,71,36,27,27,
"Masala Project(Indien Culinary Art Restaurant), Bochum Viktoriastraße 71","2026-05-31, 18:16","1,075",76,29,16,47,
"Galletto Grill, Bochum Küppersstraße 41","2026-05-31, 18:17",5,89,28,16,27,
"Restaurant Aubergine, Bochum Pieperstraße 13","2026-05-31, 18:17",282,79,16,8,5,
"Mandragora, Bochum Konrad-Adenauer-Platz 1","2026-05-31, 18:18",360,190,59,13,14,
"Brauhaus Rietkötter, Bochum Große Beckstraße 7","2026-05-31, 18:18","1,142",458,100,45,45,
"Zum Grünen Gaul, Bochum Alte Hattinger Str. 31","2026-05-31, 18:19",5,112,38,12,21,
"Sakura Bochum, Bochum Castroper Str. 204","2026-05-31, 18:19","2,148",613,155,45,56,
"Nhy Star, Bochum Brüderstraße 5","2026-05-31, 18:20",799,236,62,24,44,
"Bratwursthaus, Bochum Kortumstraße 18","2026-05-31, 18:20","2,983",592,197,73,79,
"COM Vietnamese Kitchen, Bochum Huestraße 5","2026-05-31, 18:21",328,51,18,12,5,
"Pablo, Bochum ","2026-05-31, 18:21",5,106,37,11,18,
"L'Osteria Bochum Husemann Karree, Bochum Viktoriastraße 14 a","2026-05-31, 18:22",854,112,37,24,31,
"TAKE - THE GOOD FOOD Bochum, Bochum Kortumstraße 49","2026-05-31, 18:22",187,11,1,1,6,
"AOSORA, Bochum Hellweg 18","2026-05-31, 18:23",286,70,26,7,5,
"Dooby’s Vegan Streetfood, Bochum ","2026-05-31, 18:23",263,11,1,1,7,
"TequilaRia Bochum, Bochum ","2026-05-31, 18:24",718,189,3,38,69,
"The ASH Bochum, Bochum Am Einkaufszentrum 4a","2026-05-31, 18:24","5,514",967,446,307,351,
"Purino Bochum im Strätlingshof, Bochum Altenbochumer Str. 64","2026-05-31, 18:25",46,12,5,4,4,
"Restaurant Korabi, Bochum ","2026-05-31, 18:25",387,49,16,7,3,
"Tapas Bar und Restaurant - Bochum, Bochum Kortumstraße 3","2026-05-31, 18:26",493,219,65,21,20,
"Badalona Bar, Bochum Brüderstraße 2","2026-05-31, 18:26",5,155,49,1,6,
"Hartmann's Wirtshaus, Bochum Wasserstraße 77","2026-05-31, 18:27",420,4,44,20,25,
"Mufasa Bar, Brunch & Restaurant - Bochum, Bochum Widumestraße 6","2026-05-31, 18:27",242,54,2,1,3,11 to 20 reviews removed due to defamation complaints.
"Bat Viet, Bochum U. Marktstraße 9","2026-05-31, 18:28",510,53,10,8,15,
"Falafel Star, Bochum ","2026-05-31, 18:28",635,54,11,4,8,
"Zur Altstadt Bochum, Bochum Brückstraße 20","2026-05-31, 18:29",497,4,51,17,18,
"Citana Restaurant, Bochum Kortumstraße 29","2026-05-31, 18:29",459,78,27,14,24,
"Coco Loco, Bochum Berneckerstraße 23","2026-05-31, 18:30",583,219,55,35,32,
"El Rancho, Bochum Willy-Brandt-Platz 5","2026-05-31, 18:30",5,247,82,31,30,
"Zentral, Bochum ","2026-05-31, 18:31",573,268,3,36,30,
"Wok‘ n Roll, Bochum Kortumstraße 36","2026-05-31, 18:31",939,264,54,4,4,
"Zlatanz Cucina Italiana, Bochum Huestraße 5","2026-05-31, 18:32",371,39,1,0,0,
"Fiege's Stammhaus, Bochum Bongardstraße 23","2026-05-31, 18:32",765,413,124,0,0,Two to five reviews removed due to defamation complaints.
"kantine.wtf, Bochum ","2026-05-31, 18:33",115,13,6,7,6,
"Oktober Café, Bochum Willy-Brandt-Platz 5-7","2026-05-31, 18:34",533,107,52,6,2,
"Kimbap Spot, Bochum Ostring 22","2026-05-31, 18:34",697,84,26,13,16,
"Taste-Trip Restaurant Bochum Innenstadt, Bochum ","2026-05-31, 18:35",30,0,0,0,0,
"Tarbosch Restaurant مطعم طربوش, Bochum Massenbergstraße 26","2026-05-31, 18:35",227,20,7,3,56,
"Parkschlösschen am Stadtpark, Bochum Bergstraße 65","2026-05-31, 18:44",366,137,42,25,19,
"Hopfengarten, Bochum Hattinger Str. 237","2026-05-31, 18:44",363,97,30,13,15,
"Bitburger Wirtshaus, Bochum Kortumstraße 12 -14","2026-05-31, 18:45",322,119,31,22,85,
"Restaurant Wintergarten - internationale Spezialitäten, Bochum Weststraße 29","2026-05-31, 18:45",716,178,18,15,17,
"Restaurant Karawane, Bochum Große Beckstraße 27","2026-05-31, 18:46",375,131,51,16,20,
"THREE SIXTY, Bochum Kortumstraße 2-14","2026-05-31, 18:46","1,575",830,253,93,129,
"PASTA viva la mamma, Bochum ","2026-05-31, 18:47",465,134,52,19,24,
"Taubenschlag Gaststätte - Bochum, Bochum U. Marktstraße 7","2026-05-31, 18:47",208,59,15,4,8,
"Katzentempel Bochum, Bochum Huestraße 10","2026-05-31, 18:48","1,155",222,98,42,82,
"HANS IM GLÜCK - BOCHUM Kortumstraße, Bochum Kortumstraße 39","2026-05-31, 18:48","2,116",847,257,70,90,
"Suppen Schulz, Bochum ","2026-05-31, 18:49",138,14,0,0,0,
"Osaka - Bochum, Bochum ","2026-05-31, 18:49",82,19,7,2,3,
"Nefis | Brunch- und Frühstückssalon | Bochum, Bochum Alleestraße 26a","2026-05-31, 18:50",161,29,14,5,5,
"Hanoi October, Bochum Kortumstraße 140","2026-05-31, 18:50",290,41,14,14,29,
"Burger Brothers, Bochum ","2026-05-31, 18:51","1,023",166,69,68,59,
"K wie Kartoffel, Bochum Kurt-Schumacher-Platz 7","2026-05-31, 18:51",332,28,6,4,8,
"Gasthaus Goeke, Bochum Josephinenstraße 65","2026-05-31, 18:52",978,353,91,32,25,
"Havanna Bochum, Bochum Kreuzstraße 12","2026-05-31, 18:52",240,111,35,4,14,
"Leonidas, Bochum Annastraße 25","2026-05-31, 18:53",906,130,29,11,12,
"Farina Bochum UG & Co. KG, Bochum ","2026-05-31, 18:53",700,341,132,46,40,
"Dui Sushi Restaurant in Bochum, Bochum Hattinger Str. 402","2026-05-31, 18:54",382,54,18,8,10,
"HAS URFA (Halal grill), Bochum Alleestraße 26","2026-05-31, 18:54","1,672",481,208,75,253,
"KUMPELS im Deutschen Bergbau-Museum Bochum, Bochum Schillerstraße 20","2026-05-31, 18:55",153,17,19,8,11,
"Neuland Küche.Bar.Bühne, Bochum Rottstraße 15","2026-05-31, 18:55",135,37,11,6,3,
"Trattoria Momo, Bochum ","2026-06-01, 06:05","1,808",408,145,21,24,
"Una Más - Bochum, Bochum ","2026-06-01, 06:05",682,181,44,16,24,
"Paulaner Botschaft, Bochum Brückstraße 31","2026-06-01, 06:06","1,052",243,75,25,1,21 to 50 reviews removed due to defamation complaints.
"Livingroom, Bochum Luisenstraße 9-13","2026-06-01, 06:06",755,268,91,38,31,
"Yamas mezé restaurant & weinbar, Bochum Massenbergstraße 1","2026-06-01, 06:06","1,447",485,146,71,70,
"Mutter Wittig, Bochum ","2026-06-01, 06:07",819,429,179,83,83,
"Taverna Avli, Bochum Luisenstraße 14","2026-06-01, 06:07",934,275,54,28,24,51 to 100 reviews removed due to defamation complaints.
"Steakhaus El Toro, Bochum Kreuzstraße 3","2026-06-01, 06:08","1,045",218,75,44,71,
"Five, Bochum ","2026-06-01, 06:08",139,8,1,4,1,
"Emma's, Bochum Hellweg 28-30","2026-06-01, 06:09",257,31,6,3,1,Two to five reviews removed due to defamation complaints.
"Begopa, Bochum Nordring 100","2026-06-01, 06:09",452,74,29,6,7,
"Restaurant Franz Ferdinand, Bochum ","2026-06-01, 06:09","1,309",367,100,56,43,
"Hatoky Restaurant, Bochum ","2026-06-01, 06:10","1,221",379,86,5,9,
"Ristorante Carmelo - Bochum, Bochum Max-Greve-Straße 32-34","2026-06-01, 06:10",838,191,42,11,21,
"Osteria al Vecchio Torchio, Bochum ","2026-06-01, 06:11",194,41,11,5,6,
"VIU Restaurant & Bar, Bochum","2026-06-01, 06:11",30,2,0,0,3,
"Potato Bochum, Bochum Huestraße 6","2026-06-01, 06:11",333,22,5,0,4,
"Giuseppe, Bochum ","2026-06-01, 06:12",429,67,5,0,1,Six to ten reviews removed due to defamation complaints.
"La Piazza Cafe-Osteria, Bochum Alter Markt 3","2026-06-01, 06:12",334,54,12,3,8,
"LEVAROSA, Bochum Herner Str. 36","2026-06-01, 06:13",606,71,36,27,27,
"Masala Project(Indien Culinary Art Restaurant), Bochum Viktoriastraße 71","2026-06-01, 06:13","1,075",76,29,16,47,
"Galletto Grill, Bochum Küppersstraße 41","2026-06-01, 06:14",472,89,28,16,27,
"Restaurant Aubergine, Bochum Pieperstraße 13","2026-06-01, 06:14",282,79,16,8,5,
"Mandragora, Bochum Konrad-Adenauer-Platz 1","2026-06-01, 06:14",360,190,59,13,14,
"Brauhaus Rietkötter, Bochum Große Beckstraße 7","2026-06-01, 06:15","1,142",458,100,45,45,
"Zum Grünen Gaul, Bochum Alte Hattinger Str. 31","2026-06-01, 06:15",482,112,38,12,21,
"Sakura Bochum, Bochum Castroper Str. 204","2026-06-01, 06:16","2,148",613,155,45,56,
"Nhy Star, Bochum Brüderstraße 5","2026-06-01, 06:16",799,236,62,24,44,
"Bratwursthaus, Bochum Kortumstraße 18","2026-06-01, 06:16","2,983",592,197,73,79,
"COM Vietnamese Kitchen, Bochum Huestraße 5","2026-06-01, 06:17",328,51,18,12,5,
"Pablo, Bochum ","2026-06-01, 06:17",411,106,37,11,18,
"L'Osteria Bochum Husemann Karree, Bochum Viktoriastraße 14 a","2026-06-01, 06:17",854,112,37,24,32,
"TAKE - THE GOOD FOOD Bochum, Bochum Kortumstraße 49","2026-06-01, 06:18",187,11,1,1,6,
"AOSORA, Bochum Hellweg 18","2026-06-01, 06:18",286,70,26,7,5,
"Dooby’s Vegan Streetfood, Bochum ","2026-06-01, 06:18",264,11,1,1,7,
"TequilaRia Bochum, Bochum ","2026-06-01, 06:19",718,189,95,38,69,Six to ten reviews removed due to defamation complaints.
"The ASH Bochum, Bochum Am Einkaufszentrum 4a","2026-06-01, 06:19","5,514",967,446,307,351,
"Purino Bochum im Strätlingshof, Bochum Altenbochumer Str. 64","2026-06-01, 06:20",48,12,5,4,4,
"Restaurant Korabi, Bochum ","2026-06-01, 06:20",387,49,16,7,3,
"Tapas Bar und Restaurant - Bochum, Bochum Kortumstraße 3","2026-06-01, 06:20",493,219,65,21,20,
"Badalona Bar, Bochum Brüderstraße 2","2026-06-01, 06:21",309,155,49,1,6,11 to 20 reviews removed due to defamation complaints.
"Hartmann's Wirtshaus, Bochum Wasserstraße 77","2026-06-01, 06:21",420,142,44,20,25,
"Mufasa Bar, Brunch & Restaurant - Bochum, Bochum Widumestraße 6","2026-06-01, 06:21",242,54,2,1,3,11 to 20 reviews removed due to defamation complaints.
"Bat Viet, Bochum U. Marktstraße 9","2026-06-01, 06:22",510,53,10,8,15,
"Falafel Star, Bochum ","2026-06-01, 06:22",635,54,11,4,8,
"Zur Altstadt Bochum, Bochum Brückstraße 20","2026-06-01, 06:22",497,222,51,17,18,
"Citana Restaurant, Bochum Kortumstraße 29","2026-06-01, 06:23",459,78,27,14,24,
"Coco Loco, Bochum Berneckerstraße 23","2026-06-01, 06:23",583,219,55,35,32,
"El Rancho, Bochum Willy-Brandt-Platz 5","2026-06-01, 06:24",982,247,82,31,30,
"Zentral, Bochum ","2026-06-01, 06:24",573,268,86,36,30,
"Wok‘ n Roll, Bochum Kortumstraße 36","2026-06-01, 06:24",939,264,54,4,4,
"Zlatanz Cucina Italiana, Bochum Huestraße 5","2026-06-01, 06:25",371,39,1,0,0,Two to five reviews removed due to defamation complaints.
"Fiege's Stammhaus, Bochum Bongardstraße 23","2026-06-01, 06:25",765,413,124,0,0,Two to five reviews removed due to defamation complaints.
"kantine.wtf, Bochum ","2026-06-01, 06:25",115,13,6,7,6,
"Oktober Café, Bochum Willy-Brandt-Platz 5-7","2026-06-01, 06:26",533,107,52,6,2,21 to 50 reviews removed due to defamation complaints.
"Kimbap Spot, Bochum Ostring 22","2026-06-01, 06:26",697,84,26,13,16,
"Taste-Trip Restaurant Bochum Innenstadt, Bochum ","2026-06-01, 06:27",30,0,0,0,0,
"Tarbosch Restaurant مطعم طربوش, Bochum Massenbergstraße 26","2026-06-01, 06:27",227,20,7,3,56,
"Parkschlösschen am Stadtpark, Bochum Bergstraße 65","2026-06-01, 06:34",366,137,42,25,19,
"Hopfengarten, Bochum Hattinger Str. 237","2026-06-01, 06:34",364,97,30,13,15,
"Bitburger Wirtshaus, Bochum Kortumstraße 12 -14","2026-06-01, 06:34",322,119,31,22,85,
"Restaurant Wintergarten - internationale Spezialitäten, Bochum Weststraße 29","2026-06-01, 06:35",716,178,18,15,17,
"Restaurant Karawane, Bochum Große Beckstraße 27","2026-06-01, 06:35",376,131,51,16,20,
"THREE SIXTY, Bochum Kortumstraße 2-14","2026-06-01, 06:35","1,575",830,253,93,129,
"PASTA viva la mamma, Bochum ","2026-06-01, 06:36",465,134,52,19,24,
"Taubenschlag Gaststätte - Bochum, Bochum U. Marktstraße 7","2026-06-01, 06:36",208,59,15,4,8,
"Katzentempel Bochum, Bochum Huestraße 10","2026-06-01, 06:37","1,155",222,98,42,82,
"HANS IM GLÜCK - BOCHUM Kortumstraße, Bochum Kortumstraße 39","2026-06-01, 06:37","2,118",847,257,70,90,
"Suppen Schulz, Bochum ","2026-06-01, 06:37",138,14,0,0,0,
"Osaka - Bochum, Bochum ","2026-06-01, 06:38",82,19,7,2,3,
"Nefis | Brunch- und Frühstückssalon | Bochum, Bochum Alleestraße 26a","2026-06-01, 06:38",161,29,14,5,5,
"Hanoi October, Bochum Kortumstraße 140","2026-06-01, 06:38",290,41,14,14,29,
"Burger Brothers, Bochum ","2026-06-01, 06:39","1,023",166,69,68,59,
"K wie Kartoffel, Bochum Kurt-Schumacher-Platz 7","2026-06-01, 06:39",332,28,6,4,8,
"Gasthaus Goeke, Bochum Josephinenstraße 65","2026-06-01, 06:39",978,353,91,32,25,
"Havanna Bochum, Bochum Kreuzstraße 12","2026-06-01, 06:40",240,111,35,4,14,
"Leonidas, Bochum Annastraße 25","2026-06-01, 06:40",906,130,29,11,12,
"Farina Bochum UG & Co. KG, Bochum ","2026-06-01, 06:41",700,341,132,46,40,
"Dui Sushi Restaurant in Bochum, Bochum Hattinger Str. 402","2026-06-01, 06:41",382,54,18,8,10,
"HAS URFA (Halal grill), Bochum Alleestraße 26","2026-06-01, 06:41","1,672",481,208,75,253,
"KUMPELS im Deutschen Bergbau-Museum Bochum, Bochum Schillerstraße 20","2026-06-01, 06:42",153,17,19,8,11,
"Neuland Küche.Bar.Bühne, Bochum Rottstraße 15","2026-06-01, 06:42",135,37,11,6,3,
"Finca & Bar Celona Bochum, Bochum Gahlensche Str. 92","2026-06-01, 06:42","2,868","1,265",329,95,163,
"Blondies cafe / Bochum, Bochum Hattinger Str. 80","2026-06-01, 06:43",746,205,62,48,40,
"Gourmet Plaza Bochum, Bochum Viktoriastraße 14","2026-06-01, 06:43",33,1,1,2,1,Two to five reviews removed due to defamation complaints.
"YUMINI, Bochum Viktoriastraße 43-45","2026-06-01, 06:50","1,421",615,172,86,119,
"Restaurant Fässle, Bochum Nordring 50","2026-06-01, 06:50",75,21,4,1,4,
"Nandys Restaurant Bochum, Bochum Kortumstraße 9","2026-06-01, 06:51",177,19,11,8,19,
"Pizzeria Piccolo, Bochum Castroper Hellweg 417","2026-06-01, 06:51",346,34,8,6,11,
"Restaurant Side, Bochum ","2026-06-01, 06:51",789,258,84,36,49,
"Fischhaus Gräte, Bochum Hans-Böckler-Straße 22","2026-06-01, 06:52",340,80,27,11,19,
"Atinka African Bar & Restaurant, Bochum ","2026-06-01, 06:52",97,12,4,3,5,
"Restaurant Gut Mausbeck, Bochum Kornweg 36","2026-06-01, 06:52",261,89,27,1,16,21 to 50 reviews removed due to defamation complaints.
"Genki Bao & Burger, Bochum ","2026-06-01, 06:53",408,62,22,3,5,Two to five reviews removed due to defamation complaints.
"Veganland Cigköfte Bochum, Bochum Kortumstraße 25","2026-06-01, 07:00",171,5,0,0,7,
"Wie Du Willst - Imbiss - فلافل على كيفك, Bochum ","2026-06-01, 07:00",750,137,56,22,121,
"Sortie, Bochum Kortumstraße 22","2026-06-01, 07:00",187,44,17,3,15,11 to 20 reviews removed due to defamation complaints.
"Restaurant - Café Klosterhof, Bochum Am Varenholt 17","2026-06-01, 07:01",217,97,35,7,13,
"Best Friends Sushi, Bochum ","2026-06-01, 07:01",633,205,54,27,43,
"BOB'S Rock & Bowl Bochum, Bochum Kortumstraße 7","2026-06-01, 07:01",213,26,21,7,30,
"Restaurant Post's Lottental, Bochum Grimbergstraße 52","2026-06-01, 07:02",432,164,73,30,57,
"Restaurant Sorbas, Bochum Castroper Str. 137","2026-06-01, 07:02","1,031",410,253,144,249,
"Sunami, Bochum ","2026-06-01, 07:02",94,15,5,5,9,
"Sukhothai, Bochum Bochumer Str. 15","2026-06-01, 07:03","1,497",174,45,21,26,
"Haus des Döners, Bochum Kortumstraße 45","2026-06-01, 07:03",279,62,42,4,8,21 to 50 reviews removed due to defamation complaints.
"Das Syrische Restaurant, Bochum Kortumstraße 97-99","2026-06-01, 07:03","1,007",220,148,75,288,
"VAPIANO, Bochum Husemannpl. 6-7","2026-06-01, 07:10",924,649,284,138,160,
"PIANO CAFÉ, Bochum Viktoriastraße 14 a","2026-06-01, 07:11",127,14,3,4,5,
"Café Enjoy the Place-Bochum, Bochum Große Beckstraße 12","2026-06-01, 07:11",19,2,0,0,0,
"Himalaya Imbiss, Bochum ","2026-06-01, 07:12",300,11,5,1,3,
"Café Barbera, Bochum Bleichstraße 2","2026-06-01, 07:12",303,18,5,1,8,
"Norm's Crepes & Hot Dogs - Bochum, Bochum ","2026-06-01, 07:13",164,1,2,0,1,
"Tanas, Bochum Königsallee 15","2026-06-01, 07:13",31,18,1,0,4,
"Pizzamanns Bochum, Bochum Kerkwege 2-4","2026-06-01, 07:14",251,67,10,1,5,51 to 100 reviews removed due to defamation complaints.
"SÖNER - Sucuk Döner, Bochum ","2026-06-01, 07:14",560,43,2,2,5,11 to 20 reviews removed due to defamation complaints.
"Cafe Zur Altstadt, Bochum Pariser Str. 40","2026-06-01, 07:15",273,80,35,7,24,
"Bermuda Döner,  Bochum Kortumstraße 17","2026-06-01, 07:15",86,15,2,4,12,51 to 100 reviews removed due to defamation complaints.
"Trattoria Momo, Bochum ","2026-06-01, 12:05","1,808",408,145,21,24,
"Una Más - Bochum, Bochum ","2026-06-01, 12:05",682,181,44,16,24,
"Paulaner Botschaft, Bochum Brückstraße 31","2026-06-01, 12:05","1,052",243,75,25,1,21 to 50 reviews removed due to defamation complaints.
"Livingroom, Bochum Luisenstraße 9-13","2026-06-01, 12:06",755,268,91,38,31,
"Yamas mezé restaurant & weinbar, Bochum Massenbergstraße 1","2026-06-01, 12:06","1,447",485,146,71,70,
"Mutter Wittig, Bochum ","2026-06-01, 12:07",819,429,179,83,83,
"Taverna Avli, Bochum Luisenstraße 14","2026-06-01, 12:07",934,275,54,28,24,51 to 100 reviews removed due to defamation complaints.
"Steakhaus El Toro, Bochum Kreuzstraße 3","2026-06-01, 12:07","1,045",218,75,44,71,
"Five, Bochum ","2026-06-01, 12:08",139,8,1,4,1,
"Emma's, Bochum Hellweg 28-30","2026-06-01, 12:08",257,31,6,3,1,Two to five reviews removed due to defamation complaints.
"Begopa, Bochum Nordring 100","2026-06-01, 12:09",452,74,29,6,7,
"Restaurant Franz Ferdinand, Bochum ","2026-06-01, 12:09","1,309",367,100,56,43,
"Hatoky Restaurant, Bochum ","2026-06-01, 12:09","1,221",379,86,5,9,
"Ristorante Carmelo - Bochum, Bochum Max-Greve-Straße 32-34","2026-06-01, 12:10",838,191,42,11,21,
"Osteria al Vecchio Torchio, Bochum ","2026-06-01, 12:10",194,41,11,5,6,
"VIU Restaurant & Bar, Bochum","2026-06-01, 12:11",30,2,0,0,3,
"Potato Bochum, Bochum Huestraße 6","2026-06-01, 12:11",333,22,5,0,4,
"Giuseppe, Bochum ","2026-06-01, 12:11",429,67,5,0,1,Six to ten reviews removed due to defamation complaints.
"La Piazza Cafe-Osteria, Bochum Alter Markt 3","2026-06-01, 12:12",334,54,12,3,8,
"LEVAROSA, Bochum Herner Str. 36","2026-06-01, 12:12",606,71,36,27,27,
"Masala Project(Indien Culinary Art Restaurant), Bochum Viktoriastraße 71","2026-06-01, 12:12","1,075",76,29,16,47,
"Galletto Grill, Bochum Küppersstraße 41","2026-06-01, 12:13",472,89,28,16,27,
"Restaurant Aubergine, Bochum Pieperstraße 13","2026-06-01, 12:13",282,79,16,8,5,
"Mandragora, Bochum Konrad-Adenauer-Platz 1","2026-06-01, 12:14",360,190,59,13,14,
"Brauhaus Rietkötter, Bochum Große Beckstraße 7","2026-06-01, 12:14","1,142",458,100,45,45,
"Zum Grünen Gaul, Bochum Alte Hattinger Str. 31","2026-06-01, 12:15",482,112,38,12,21,
"Sakura Bochum, Bochum Castroper Str. 204","2026-06-01, 12:15","2,148",613,155,45,56,
"Nhy Star, Bochum Brüderstraße 5","2026-06-01, 12:16",799,236,62,24,44,
"Bratwursthaus, Bochum Kortumstraße 18","2026-06-01, 12:16","2,983",592,197,73,79,
"COM Vietnamese Kitchen, Bochum Huestraße 5","2026-06-01, 12:16",328,51,18,12,5,
"Pablo, Bochum ","2026-06-01, 12:17",411,106,37,11,18,
"L'Osteria Bochum Husemann Karree, Bochum Viktoriastraße 14 a","2026-06-01, 12:17",854,112,37,24,32,
"TAKE - THE GOOD FOOD Bochum, Bochum Kortumstraße 49","2026-06-01, 12:17",187,11,1,1,6,
"AOSORA, Bochum Hellweg 18","2026-06-01, 12:18",286,70,26,7,5,
"Dooby’s Vegan Streetfood, Bochum ","2026-06-01, 12:18",264,11,1,1,7,
"TequilaRia Bochum, Bochum ","2026-06-01, 12:18",718,189,95,38,69,Six to ten reviews removed due to defamation complaints.
"The ASH Bochum, Bochum Am Einkaufszentrum 4a","2026-06-01, 12:19","5,515",967,446,307,351,
"Purino Bochum im Strätlingshof, Bochum Altenbochumer Str. 64","2026-06-01, 12:19",48,12,5,4,4,
"Restaurant Korabi, Bochum ","2026-06-01, 12:19",387,49,16,7,3,
"Tapas Bar und Restaurant - Bochum, Bochum Kortumstraße 3","2026-06-01, 12:20",493,219,65,21,20,
"Badalona Bar, Bochum Brüderstraße 2","2026-06-01, 12:20",309,155,49,1,6,11 to 20 reviews removed due to defamation complaints.
"Hartmann's Wirtshaus, Bochum Wasserstraße 77","2026-06-01, 12:21",420,142,44,20,25,
"Mufasa Bar, Brunch & Restaurant - Bochum, Bochum Widumestraße 6","2026-06-01, 12:21",242,54,2,1,3,11 to 20 reviews removed due to defamation complaints.
"Bat Viet, Bochum U. Marktstraße 9","2026-06-01, 12:21",510,53,10,8,15,
"Falafel Star, Bochum ","2026-06-01, 12:22",635,54,11,4,8,
"Zur Altstadt Bochum, Bochum Brückstraße 20","2026-06-01, 12:22",497,222,51,17,18,
"Citana Restaurant, Bochum Kortumstraße 29","2026-06-01, 12:22",459,78,27,14,24,
"Coco Loco, Bochum Berneckerstraße 23","2026-06-01, 12:23",583,219,55,35,32,
"El Rancho, Bochum Willy-Brandt-Platz 5","2026-06-01, 12:23",982,247,82,31,30,
"Zentral, Bochum ","2026-06-01, 12:23",573,268,86,36,30,
"Wok‘ n Roll, Bochum Kortumstraße 36","2026-06-01, 12:24",939,264,54,4,4,
"Zlatanz Cucina Italiana, Bochum Huestraße 5","2026-06-01, 12:24",371,39,1,0,0,Two to five reviews removed due to defamation complaints.
"Fiege's Stammhaus, Bochum Bongardstraße 23","2026-06-01, 12:25",765,413,124,0,0,Two to five reviews removed due to defamation complaints.
"kantine.wtf, Bochum ","2026-06-01, 12:25",115,13,6,7,6,
"Oktober Café, Bochum Willy-Brandt-Platz 5-7","2026-06-01, 12:25",533,107,52,6,2,21 to 50 reviews removed due to defamation complaints.
"Kimbap Spot, Bochum Ostring 22","2026-06-01, 12:26",697,84,26,13,16,
"Taste-Trip Restaurant Bochum Innenstadt, Bochum ","2026-06-01, 12:26",31,0,0,0,0,
"Tarbosch Restaurant مطعم طربوش, Bochum Massenbergstraße 26","2026-06-01, 12:27",227,20,7,3,56,
"Parkschlösschen am Stadtpark, Bochum Bergstraße 65","2026-06-01, 12:35",366,137,42,25,19,
"Hopfengarten, Bochum Hattinger Str. 237","2026-06-01, 12:35",365,97,30,13,15,
"Bitburger Wirtshaus, Bochum Kortumstraße 12 -14","2026-06-01, 12:36",322,119,31,22,85,
"Restaurant Wintergarten - internationale Spezialitäten, Bochum Weststraße 29","2026-06-01, 12:36",716,178,18,15,17,
"Restaurant Karawane, Bochum Große Beckstraße 27","2026-06-01, 12:36",376,131,51,16,20,
"THREE SIXTY, Bochum Kortumstraße 2-14","2026-06-01, 12:37","1,575",830,253,93,129,
"PASTA viva la mamma, Bochum ","2026-06-01, 12:37",465,134,52,19,24,
"Taubenschlag Gaststätte - Bochum, Bochum U. Marktstraße 7","2026-06-01, 12:38",208,59,15,4,8,
"Katzentempel Bochum, Bochum Huestraße 10","2026-06-01, 12:38","1,155",222,98,42,82,
"HANS IM GLÜCK - BOCHUM Kortumstraße, Bochum Kortumstraße 39","2026-06-01, 12:39","2,118",848,257,70,90,
"Suppen Schulz, Bochum ","2026-06-01, 12:39",138,14,0,0,0,
"Osaka - Bochum, Bochum ","2026-06-01, 12:39",82,19,7,2,3,
"Nefis | Brunch- und Frühstückssalon | Bochum, Bochum Alleestraße 26a","2026-06-01, 12:40",161,29,14,5,5,
"Hanoi October, Bochum Kortumstraße 140","2026-06-01, 12:40",290,41,14,14,29,
"Burger Brothers, Bochum ","2026-06-01, 12:40","1,023",166,69,68,59,
"K wie Kartoffel, Bochum Kurt-Schumacher-Platz 7","2026-06-01, 12:41",332,28,6,4,8,
"Gasthaus Goeke, Bochum Josephinenstraße 65","2026-06-01, 12:41",978,353,91,32,25,
"Havanna Bochum, Bochum Kreuzstraße 12","2026-06-01, 12:42",241,111,35,4,14,
"Leonidas, Bochum Annastraße 25","2026-06-01, 12:42",906,130,29,11,12,
"Farina Bochum UG & Co. KG, Bochum ","2026-06-01, 12:43",700,341,132,46,40,
"Dui Sushi Restaurant in Bochum, Bochum Hattinger Str. 402","2026-06-01, 12:43",382,54,18,8,10,
"HAS URFA (Halal grill), Bochum Alleestraße 26","2026-06-01, 12:44","1,672",481,208,75,253,
"KUMPELS im Deutschen Bergbau-Museum Bochum, Bochum Schillerstraße 20","2026-06-01, 12:44",153,17,19,8,11,
"Neuland Küche.Bar.Bühne, Bochum Rottstraße 15","2026-06-01, 12:44",135,37,11,6,3,
"Finca & Bar Celona Bochum, Bochum Gahlensche Str. 92","2026-06-01, 12:45","2,868","1,265",329,95,163,
"Blondies cafe / Bochum, Bochum Hattinger Str. 80","2026-06-01, 12:45",746,205,62,48,40,
"Gourmet Plaza Bochum, Bochum Viktoriastraße 14","2026-06-01, 12:46",33,1,1,2,1,Two to five reviews removed due to defamation complaints.
"YUMINI, Bochum Viktoriastraße 43-45","2026-06-01, 12:53","1,421",615,172,86,119,
"Restaurant Fässle, Bochum Nordring 50","2026-06-01, 12:53",75,21,4,1,4,
"Nandys Restaurant Bochum, Bochum Kortumstraße 9","2026-06-01, 12:54",177,19,11,8,19,
"Pizzeria Piccolo, Bochum Castroper Hellweg 417","2026-06-01, 12:54",346,34,8,6,11,
"Restaurant Side, Bochum ","2026-06-01, 12:54",789,258,84,36,49,
"Fischhaus Gräte, Bochum Hans-Böckler-Straße 22","2026-06-01, 12:55",340,80,27,11,19,
"Atinka African Bar & Restaurant, Bochum ","2026-06-01, 12:55",97,12,4,3,5,
"Restaurant Gut Mausbeck, Bochum Kornweg 36","2026-06-01, 12:55",261,89,27,1,16,21 to 50 reviews removed due to defamation complaints.
"Genki Bao & Burger, Bochum ","2026-06-01, 12:56",408,62,22,3,5,Two to five reviews removed due to defamation complaints.
"Veganland Cigköfte Bochum, Bochum Kortumstraße 25","2026-06-01, 13:02",171,5,0,0,7,
"Wie Du Willst - Imbiss - فلافل على كيفك, Bochum ","2026-06-01, 13:03",750,137,56,22,121,
"Sortie, Bochum Kortumstraße 22","2026-06-01, 13:03",187,44,17,3,15,11 to 20 reviews removed due to defamation complaints.
"Restaurant - Café Klosterhof, Bochum Am Varenholt 17","2026-06-01, 13:04",217,97,35,7,13,
"Best Friends Sushi, Bochum ","2026-06-01, 13:04",633,205,54,27,43,
"BOB'S Rock & Bowl Bochum, Bochum Kortumstraße 7","2026-06-01, 13:05",213,26,21,7,30,
"Restaurant Post's Lottental, Bochum Grimbergstraße 52","2026-06-01, 13:05",432,164,73,30,57,
"Restaurant Sorbas, Bochum Castroper Str. 137","2026-06-01, 13:06","1,031",410,253,144,249,
"Sunami, Bochum ","2026-06-01, 13:06",94,15,5,5,9,
"Sukhothai, Bochum Bochumer Str. 15","2026-06-01, 13:07","1,497",174,45,21,26,
"Haus des Döners, Bochum Kortumstraße 45","2026-06-01, 13:07",279,62,42,4,8,21 to 50 reviews removed due to defamation complaints.
"Das Syrische Restaurant, Bochum Kortumstraße 97-99","2026-06-01, 13:07","1,007",220,148,75,288,
"PIANO CAFÉ, Bochum Viktoriastraße 14 a","2026-06-01, 13:21",127,14,3,4,5,
"Café Enjoy the Place-Bochum, Bochum Große Beckstraße 12","2026-06-01, 13:22",19,2,0,0,0,
"Himalaya Imbiss, Bochum ","2026-06-01, 13:23",300,11,5,1,3,
"Café Barbera, Bochum Bleichstraße 2","2026-06-01, 13:24",303,18,5,1,8,
"Norm's Crepes & Hot Dogs - Bochum, Bochum ","2026-06-01, 13:26",164,1,2,0,1,
"Tanas, Bochum Königsallee 15","2026-06-01, 13:27",31,18,3,0,4,
"Pizzamanns Bochum, Bochum Kerkwege 2-4","2026-06-01, 13:27",251,67,10,1,5,
"SÖNER - Sucuk Döner, Bochum ","2026-06-01, 13:29",560,43,3,2,5,
"Cafe Zur Altstadt, Bochum Pariser Str. 40","2026-06-01, 13:30",273,4,35,7,24,
"Bermuda Döner,  Bochum Kortumstraße 17","2026-06-01, 13:30",86,15,2,4,12,51 to 100 reviews removed due to defamation complaints.
"Trattoria Momo, Bochum ","2026-06-01, 18:05","1,808",408,145,21,24,
"Una Más - Bochum, Bochum ","2026-06-01, 18:05",682,181,44,16,24,
"Paulaner Botschaft, Bochum Brückstraße 31","2026-06-01, 18:05","1,052",243,75,25,1,21 to 50 reviews removed due to defamation complaints.
"Livingroom, Bochum Luisenstraße 9-13","2026-06-01, 18:06",755,268,91,38,31,
"Yamas mezé restaurant & weinbar, Bochum Massenbergstraße 1","2026-06-01, 18:06","1,447",485,146,71,70,
"Mutter Wittig, Bochum ","2026-06-01, 18:06",819,429,179,83,83,
"Taverna Avli, Bochum Luisenstraße 14","2026-06-01, 18:07",933,275,54,28,24,51 to 100 reviews removed due to defamation complaints.
"Steakhaus El Toro, Bochum Kreuzstraße 3","2026-06-01, 18:07","1,045",218,75,44,71,
"Five, Bochum ","2026-06-01, 18:07",139,8,1,4,1,
"Emma's, Bochum Hellweg 28-30","2026-06-01, 18:08",257,31,6,3,1,Two to five reviews removed due to defamation complaints.
"Begopa, Bochum Nordring 100","2026-06-01, 18:08",452,74,29,6,7,
"Restaurant Franz Ferdinand, Bochum ","2026-06-01, 18:08","1,309",367,100,56,43,
"Hatoky Restaurant, Bochum ","2026-06-01, 18:09","1,221",379,86,5,9,
"Ristorante Carmelo - Bochum, Bochum Max-Greve-Straße 32-34","2026-06-01, 18:09",838,191,42,11,21,
"Osteria al Vecchio Torchio, Bochum ","2026-06-01, 18:09",194,41,11,5,6,
"VIU Restaurant & Bar, Bochum","2026-06-01, 18:10",30,2,0,0,3,
"Potato Bochum, Bochum Huestraße 6","2026-06-01, 18:10",333,22,5,0,4,
"Giuseppe, Bochum ","2026-06-01, 18:10",429,67,5,0,1,Six to ten reviews removed due to defamation complaints.
"La Piazza Cafe-Osteria, Bochum Alter Markt 3","2026-06-01, 18:11",334,54,12,3,8,
"LEVAROSA, Bochum Herner Str. 36","2026-06-01, 18:11",606,71,36,27,27,
"Masala Project(Indien Culinary Art Restaurant), Bochum Viktoriastraße 71","2026-06-01, 18:11","1,075",76,29,16,47,
"Galletto Grill, Bochum Küppersstraße 41","2026-06-01, 18:12",472,89,28,16,27,
"Restaurant Aubergine, Bochum Pieperstraße 13","2026-06-01, 18:12",282,79,16,8,5,
"Mandragora, Bochum Konrad-Adenauer-Platz 1","2026-06-01, 18:12",360,190,59,13,14,
"Brauhaus Rietkötter, Bochum Große Beckstraße 7","2026-06-01, 18:13","1,142",457,100,45,45,
"Zum Grünen Gaul, Bochum Alte Hattinger Str. 31","2026-06-01, 18:13",482,112,38,12,21,
"Sakura Bochum, Bochum Castroper Str. 204","2026-06-01, 18:13","2,148",613,155,45,56,
"Nhy Star, Bochum Brüderstraße 5","2026-06-01, 18:14",799,236,62,24,44,
"Bratwursthaus, Bochum Kortumstraße 18","2026-06-01, 18:14","2,983",592,197,73,79,
"COM Vietnamese Kitchen, Bochum Huestraße 5","2026-06-01, 18:14",328,51,18,12,5,
"Pablo, Bochum ","2026-06-01, 18:15",411,106,37,11,18,
"L'Osteria Bochum Husemann Karree, Bochum Viktoriastraße 14 a","2026-06-01, 18:15",854,112,37,24,32,
"TAKE - THE GOOD FOOD Bochum, Bochum Kortumstraße 49","2026-06-01, 18:15",187,11,1,1,6,
"AOSORA, Bochum Hellweg 18","2026-06-01, 18:16",286,70,26,7,5,
"Dooby’s Vegan Streetfood, Bochum ","2026-06-01, 18:16",264,11,1,1,7,
"TequilaRia Bochum, Bochum ","2026-06-01, 18:17",718,189,95,38,69,Six to ten reviews removed due to defamation complaints.
"The ASH Bochum, Bochum Am Einkaufszentrum 4a","2026-06-01, 18:17","5,515",967,446,307,351,
"Purino Bochum im Strätlingshof, Bochum Altenbochumer Str. 64","2026-06-01, 18:17",48,12,5,4,4,
"Restaurant Korabi, Bochum ","2026-06-01, 18:18",387,49,16,7,3,
"Tapas Bar und Restaurant - Bochum, Bochum Kortumstraße 3","2026-06-01, 18:18",493,219,65,21,20,
"Badalona Bar, Bochum Brüderstraße 2","2026-06-01, 18:19",309,155,49,1,6,11 to 20 reviews removed due to defamation complaints.
"Hartmann's Wirtshaus, Bochum Wasserstraße 77","2026-06-01, 18:19",421,142,44,20,25,
"Mufasa Bar, Brunch & Restaurant - Bochum, Bochum Widumestraße 6","2026-06-01, 18:19",242,54,2,1,3,11 to 20 reviews removed due to defamation complaints.
"Bat Viet, Bochum U. Marktstraße 9","2026-06-01, 18:20",510,53,10,8,15,
"Falafel Star, Bochum ","2026-06-01, 18:20",635,54,11,4,8,
"Zur Altstadt Bochum, Bochum Brückstraße 20","2026-06-01, 18:21",497,222,51,17,18,
"Citana Restaurant, Bochum Kortumstraße 29","2026-06-01, 18:21",459,78,27,14,24,
"Coco Loco, Bochum Berneckerstraße 23","2026-06-01, 18:21",583,219,55,35,32,
"El Rancho, Bochum Willy-Brandt-Platz 5","2026-06-01, 18:22",983,247,82,31,30,
"Zentral, Bochum ","2026-06-01, 18:22",573,268,86,36,30,
"Wok‘ n Roll, Bochum Kortumstraße 36","2026-06-01, 18:22",939,264,54,4,4,
"Zlatanz Cucina Italiana, Bochum Huestraße 5","2026-06-01, 18:23",371,39,1,0,0,Two to five reviews removed due to defamation complaints.
"Fiege's Stammhaus, Bochum Bongardstraße 23","2026-06-01, 18:23",765,413,124,0,0,Two to five reviews removed due to defamation complaints.
"kantine.wtf, Bochum ","2026-06-01, 18:24",115,13,6,7,6,
"Oktober Café, Bochum Willy-Brandt-Platz 5-7","2026-06-01, 18:24",533,107,52,6,2,21 to 50 reviews removed due to defamation complaints.
"Kimbap Spot, Bochum Ostring 22","2026-06-01, 18:25",697,84,26,13,16,
"Taste-Trip Restaurant Bochum Innenstadt, Bochum ","2026-06-01, 18:25",33,0,0,0,0,
"Tarbosch Restaurant مطعم طربوش, Bochum Massenbergstraße 26","2026-06-01, 18:25",227,20,7,3,56,
"Parkschlösschen am Stadtpark, Bochum Bergstraße 65","2026-06-01, 18:36",366,137,42,25,19,
"Hopfengarten, Bochum Hattinger Str. 237","2026-06-01, 18:36",365,97,30,13,15,
"Bitburger Wirtshaus, Bochum Kortumstraße 12 -14","2026-06-01, 18:36",323,119,31,22,85,
"Restaurant Wintergarten - internationale Spezialitäten, Bochum Weststraße 29","2026-06-01, 18:37",716,178,18,15,17,
"Restaurant Karawane, Bochum Große Beckstraße 27","2026-06-01, 18:37",376,131,51,16,20,
"THREE SIXTY, Bochum Kortumstraße 2-14","2026-06-01, 18:37","1,575",830,253,93,129,
"PASTA viva la mamma, Bochum ","2026-06-01, 18:38",465,134,52,19,24,
"Taubenschlag Gaststätte - Bochum, Bochum U. Marktstraße 7","2026-06-01, 18:38",208,59,15,4,8,
"Katzentempel Bochum, Bochum Huestraße 10","2026-06-01, 18:38","1,156",222,98,42,82,
"HANS IM GLÜCK - BOCHUM Kortumstraße, Bochum Kortumstraße 39","2026-06-01, 18:39","2,118",848,257,70,90,
"Suppen Schulz, Bochum ","2026-06-01, 18:39",138,14,0,0,0,
"Osaka - Bochum, Bochum ","2026-06-01, 18:40",82,19,7,2,3,
"Nefis | Brunch- und Frühstückssalon | Bochum, Bochum Alleestraße 26a","2026-06-01, 18:40",161,29,14,5,5,
"Hanoi October, Bochum Kortumstraße 140","2026-06-01, 18:40",290,41,14,14,29,
"Burger Brothers, Bochum ","2026-06-01, 18:41","1,023",166,69,68,59,
"K wie Kartoffel, Bochum Kurt-Schumacher-Platz 7","2026-06-01, 18:41",332,28,6,4,8,
"Gasthaus Goeke, Bochum Josephinenstraße 65","2026-06-01, 18:41",978,353,91,32,25,
"Havanna Bochum, Bochum Kreuzstraße 12","2026-06-01, 18:42",241,111,35,4,14,
"Leonidas, Bochum Annastraße 25","2026-06-01, 18:42",905,130,29,11,12,
"Farina Bochum UG & Co. KG, Bochum ","2026-06-01, 18:42",700,341,132,46,40,
"Dui Sushi Restaurant in Bochum, Bochum Hattinger Str. 402","2026-06-01, 18:43",383,54,18,8,10,
"HAS URFA (Halal grill), Bochum Alleestraße 26","2026-06-01, 18:43","1,672",481,208,75,253,
"KUMPELS im Deutschen Bergbau-Museum Bochum, Bochum Schillerstraße 20","2026-06-01, 18:44",153,17,19,8,11,
"Neuland Küche.Bar.Bühne, Bochum Rottstraße 15","2026-06-01, 18:44",135,37,11,6,3,
"Finca & Bar Celona Bochum, Bochum Gahlensche Str. 92","2026-06-01, 18:44","2,868","1,265",329,95,163,
"Blondies cafe / Bochum, Bochum Hattinger Str. 80","2026-06-01, 18:45",746,205,62,48,40,
"Gourmet Plaza Bochum, Bochum Viktoriastraße 14","2026-06-01, 18:45",33,1,1,2,1,Two to five reviews removed due to defamation complaints.
"YUMINI, Bochum Viktoriastraße 43-45","2026-06-01, 18:55","1,421",615,172,86,119,
"Restaurant Fässle, Bochum Nordring 50","2026-06-01, 18:56",75,21,4,1,4,
"Nandys Restaurant Bochum, Bochum Kortumstraße 9","2026-06-01, 18:56",177,19,11,8,19,
"Pizzeria Piccolo, Bochum Castroper Hellweg 417","2026-06-01, 18:56",346,34,8,6,11,
"Restaurant Side, Bochum ","2026-06-01, 18:57",789,258,84,36,49,
"Fischhaus Gräte, Bochum Hans-Böckler-Straße 22","2026-06-01, 18:57",340,80,27,11,19,
"Atinka African Bar & Restaurant, Bochum ","2026-06-01, 18:58",97,12,4,3,5,
"Restaurant Gut Mausbeck, Bochum Kornweg 36","2026-06-01, 18:58",261,89,27,1,16,21 to 50 reviews removed due to defamation complaints.
"Genki Bao & Burger, Bochum ","2026-06-01, 18:58",408,62,22,3,5,Two to five reviews removed due to defamation complaints.
"Veganland Cigköfte Bochum, Bochum Kortumstraße 25","2026-06-01, 19:09",171,5,0,0,7,
"Wie Du Willst - Imbiss - فلافل على كيفك, Bochum ","2026-06-01, 19:09",750,137,56,22,121,
"Sortie, Bochum Kortumstraße 22","2026-06-01, 19:09",187,44,17,3,15,11 to 20 reviews removed due to defamation complaints.
"Restaurant - Café Klosterhof, Bochum Am Varenholt 17","2026-06-01, 19:10",217,97,35,7,13,
"Best Friends Sushi, Bochum ","2026-06-01, 19:10",633,205,54,27,43,
"BOB'S Rock & Bowl Bochum, Bochum Kortumstraße 7","2026-06-01, 19:10",213,26,21,7,30,
"Restaurant Post's Lottental, Bochum Grimbergstraße 52","2026-06-01, 19:11",432,164,73,30,57,
"Restaurant Sorbas, Bochum Castroper Str. 137","2026-06-01, 19:11","1,032",410,253,144,249,
"Sunami, Bochum ","2026-06-01, 19:11",94,15,5,5,9,
"Sukhothai, Bochum Bochumer Str. 15","2026-06-01, 19:11","1,497",174,45,21,26,
"Haus des Döners, Bochum Kortumstraße 45","2026-06-01, 19:12",279,62,42,4,8,21 to 50 reviews removed due to defamation complaints.
"Das Syrische Restaurant, Bochum Kortumstraße 97-99","2026-06-01, 19:12","1,007",220,148,75,288,
"VAPIANO, Bochum Husemannpl. 6-7","2026-06-01, 19:22",919,649,284,138,160,
"PIANO CAFÉ, Bochum Viktoriastraße 14 a","2026-06-01, 19:23",127,14,3,4,5,
"Café Enjoy the Place-Bochum, Bochum Große Beckstraße 12","2026-06-01, 19:23",19,2,0,0,0,
"Himalaya Imbiss, Bochum ","2026-06-01, 19:23",300,11,5,1,3,
"Café Barbera, Bochum Bleichstraße 2","2026-06-01, 19:24",303,18,5,1,8,
"Norm's Crepes & Hot Dogs - Bochum, Bochum ","2026-06-01, 19:24",164,1,2,0,1,
"Tanas, Bochum Königsallee 15","2026-06-01, 19:24",31,18,1,0,4,
"Pizzamanns Bochum, Bochum Kerkwege 2-4","2026-06-01, 19:25",250,67,10,1,5,51 to 100 reviews removed due to defamation complaints.
"SÖNER - Sucuk Döner, Bochum ","2026-06-01, 19:25",560,43,3,2,5,11 to 20 reviews removed due to defamation complaints.
"Cafe Zur Altstadt, Bochum Pariser Str. 40","2026-06-01, 19:25",273,80,35,7,24,
"Bermuda Döner,  Bochum Kortumstraße 17","2026-06-01, 19:26",86,15,2,4,12,51 to 100 reviews removed due to defamation complaints.
"Trattoria Momo, Bochum ","2026-06-02, 06:05","1,808",408,145,21,24,
"Una Más - Bochum, Bochum ","2026-06-02, 06:05",682,181,44,16,24,
"Paulaner Botschaft, Bochum Brückstraße 31","2026-06-02, 06:05","1,052",243,75,25,1,21 to 50 reviews removed due to defamation complaints.
"Livingroom, Bochum Luisenstraße 9-13","2026-06-02, 06:06",755,268,91,38,31,
"Yamas mezé restaurant & weinbar, Bochum Massenbergstraße 1","2026-06-02, 06:06","1,447",485,146,71,70,
"Mutter Wittig, Bochum ","2026-06-02, 06:07",819,429,179,83,83,
"Taverna Avli, Bochum Luisenstraße 14","2026-06-02, 06:07",933,275,54,28,24,51 to 100 reviews removed due to defamation complaints.
"Steakhaus El Toro, Bochum Kreuzstraße 3","2026-06-02, 06:07","1,045",218,75,44,71,
"Five, Bochum ","2026-06-02, 06:08",139,8,1,4,1,
"Emma's, Bochum Hellweg 28-30","2026-06-02, 06:08",257,31,6,3,1,Two to five reviews removed due to defamation complaints.
"Begopa, Bochum Nordring 100","2026-06-02, 06:08",452,74,29,6,7,
"Restaurant Franz Ferdinand, Bochum ","2026-06-02, 06:09","1,309",367,100,56,43,
"Hatoky Restaurant, Bochum ","2026-06-02, 06:09","1,221",379,86,5,9,
"Ristorante Carmelo - Bochum, Bochum Max-Greve-Straße 32-34","2026-06-02, 06:10",838,191,42,11,21,
"Osteria al Vecchio Torchio, Bochum ","2026-06-02, 06:10",194,41,11,5,6,
"VIU Restaurant & Bar, Bochum","2026-06-02, 06:10",30,2,0,0,3,
"Potato Bochum, Bochum Huestraße 6","2026-06-02, 06:11",333,22,5,0,4,
"Giuseppe, Bochum ","2026-06-02, 06:11",428,67,5,0,1,Six to ten reviews removed due to defamation complaints.
"La Piazza Cafe-Osteria, Bochum Alter Markt 3","2026-06-02, 06:12",334,54,12,3,8,
"LEVAROSA, Bochum Herner Str. 36","2026-06-02, 06:12",606,71,36,27,27,
"Masala Project(Indien Culinary Art Restaurant), Bochum Viktoriastraße 71","2026-06-02, 06:12","1,075",76,29,16,47,
"Galletto Grill, Bochum Küppersstraße 41","2026-06-02, 06:13",473,89,28,16,27,
"Restaurant Aubergine, Bochum Pieperstraße 13","2026-06-02, 06:13",282,79,16,8,5,
"Mandragora, Bochum Konrad-Adenauer-Platz 1","2026-06-02, 06:14",360,190,59,13,14,
"Brauhaus Rietkötter, Bochum Große Beckstraße 7","2026-06-02, 06:14","1,141",458,100,45,45,
"Zum Grünen Gaul, Bochum Alte Hattinger Str. 31","2026-06-02, 06:14",482,112,38,12,21,
"Sakura Bochum, Bochum Castroper Str. 204","2026-06-02, 06:15","2,148",613,155,45,56,
"Nhy Star, Bochum Brüderstraße 5","2026-06-02, 06:15",799,236,62,24,44,
"Bratwursthaus, Bochum Kortumstraße 18","2026-06-02, 06:16","2,983",592,197,73,79,
"COM Vietnamese Kitchen, Bochum Huestraße 5","2026-06-02, 06:16",328,51,18,12,5,
"Pablo, Bochum ","2026-06-02, 06:16",411,106,37,11,18,
"L'Osteria Bochum Husemann Karree, Bochum Viktoriastraße 14 a","2026-06-02, 06:17",865,113,37,24,32,
"TAKE - THE GOOD FOOD Bochum, Bochum Kortumstraße 49","2026-06-02, 06:17",187,11,1,1,6,
"AOSORA, Bochum Hellweg 18","2026-06-02, 06:18",286,70,26,7,5,
"Dooby’s Vegan Streetfood, Bochum ","2026-06-02, 06:18",264,11,1,1,7,
"TequilaRia Bochum, Bochum ","2026-06-02, 06:18",718,189,95,38,69,Six to ten reviews removed due to defamation complaints.
"The ASH Bochum, Bochum Am Einkaufszentrum 4a","2026-06-02, 06:19","5,515",967,446,307,351,
"Purino Bochum im Strätlingshof, Bochum Altenbochumer Str. 64","2026-06-02, 06:19",48,12,5,4,4,
"Restaurant Korabi, Bochum ","2026-06-02, 06:20",387,49,16,7,3,
"Tapas Bar und Restaurant - Bochum, Bochum Kortumstraße 3","2026-06-02, 06:20",493,219,65,21,20,
"Badalona Bar, Bochum Brüderstraße 2","2026-06-02, 06:20",309,155,48,1,6,11 to 20 reviews removed due to defamation complaints.
"Hartmann's Wirtshaus, Bochum Wasserstraße 77","2026-06-02, 06:21",421,142,44,20,25,
"Mufasa Bar, Brunch & Restaurant - Bochum, Bochum Widumestraße 6","2026-06-02, 06:21",242,54,2,1,2,11 to 20 reviews removed due to defamation complaints.
"Bat Viet, Bochum U. Marktstraße 9","2026-06-02, 06:22",510,53,10,8,15,
"Falafel Star, Bochum ","2026-06-02, 06:22",635,54,11,4,8,
"Zur Altstadt Bochum, Bochum Brückstraße 20","2026-06-02, 06:22",497,222,51,17,18,
"Citana Restaurant, Bochum Kortumstraße 29","2026-06-02, 06:23",459,78,27,14,24,
"Coco Loco, Bochum Berneckerstraße 23","2026-06-02, 06:23",583,219,55,35,32,
"El Rancho, Bochum Willy-Brandt-Platz 5","2026-06-02, 06:23",983,248,82,31,30,
"Zentral, Bochum ","2026-06-02, 06:24",573,268,86,36,30,
"Wok‘ n Roll, Bochum Kortumstraße 36","2026-06-02, 06:24",939,264,54,4,4,
"Zlatanz Cucina Italiana, Bochum Huestraße 5","2026-06-02, 06:24",371,39,1,0,0,Two to five reviews removed due to defamation complaints.
"Fiege's Stammhaus, Bochum Bongardstraße 23","2026-06-02, 06:25",765,413,124,0,0,Two to five reviews removed due to defamation complaints.
"kantine.wtf, Bochum ","2026-06-02, 06:25",115,13,6,7,6,
"Oktober Café, Bochum Willy-Brandt-Platz 5-7","2026-06-02, 06:25",533,107,52,6,2,21 to 50 reviews removed due to defamation complaints.
"Kimbap Spot, Bochum Ostring 22","2026-06-02, 06:26",697,84,26,13,16,
"Taste-Trip Restaurant Bochum Innenstadt, Bochum ","2026-06-02, 06:26",33,0,0,0,0,
"Tarbosch Restaurant مطعم طربوش, Bochum Massenbergstraße 26","2026-06-02, 06:26",227,20,7,3,56,
"Parkschlösschen am Stadtpark, Bochum Bergstraße 65","2026-06-02, 06:36",366,137,42,25,19,
"Hopfengarten, Bochum Hattinger Str. 237","2026-06-02, 06:37",365,97,30,13,15,
"Bitburger Wirtshaus, Bochum Kortumstraße 12 -14","2026-06-02, 06:37",323,119,31,22,85,
"Restaurant Wintergarten - internationale Spezialitäten, Bochum Weststraße 29","2026-06-02, 06:38",716,178,18,15,17,
"Restaurant Karawane, Bochum Große Beckstraße 27","2026-06-02, 06:38",376,131,51,16,20,
"THREE SIXTY, Bochum Kortumstraße 2-14","2026-06-02, 06:38","1,575",830,253,93,129,
"PASTA viva la mamma, Bochum ","2026-06-02, 06:39",465,134,52,19,24,
"Taubenschlag Gaststätte - Bochum, Bochum U. Marktstraße 7","2026-06-02, 06:39",208,59,15,4,8,
"Katzentempel Bochum, Bochum Huestraße 10","2026-06-02, 06:39","1,156",222,98,42,82,
"HANS IM GLÜCK - BOCHUM Kortumstraße, Bochum Kortumstraße 39","2026-06-02, 06:40","2,118",848,257,70,90,
"Suppen Schulz, Bochum ","2026-06-02, 06:40",138,14,0,0,0,
"Osaka - Bochum, Bochum ","2026-06-02, 06:40",82,19,7,2,3,
"Nefis | Brunch- und Frühstückssalon | Bochum, Bochum Alleestraße 26a","2026-06-02, 06:41",161,29,14,5,5,
"Hanoi October, Bochum Kortumstraße 140","2026-06-02, 06:41",290,41,14,14,29,
"Burger Brothers, Bochum ","2026-06-02, 06:42","1,023",166,69,68,59,
"K wie Kartoffel, Bochum Kurt-Schumacher-Platz 7","2026-06-02, 06:42",332,28,6,4,8,
"Gasthaus Goeke, Bochum Josephinenstraße 65","2026-06-02, 06:42",978,353,91,32,25,
"Havanna Bochum, Bochum Kreuzstraße 12","2026-06-02, 06:43",241,111,35,4,14,
"Leonidas, Bochum Annastraße 25","2026-06-02, 06:43",905,130,29,11,12,
"Farina Bochum UG & Co. KG, Bochum ","2026-06-02, 06:43",700,341,132,46,40,
"Dui Sushi Restaurant in Bochum, Bochum Hattinger Str. 402","2026-06-02, 06:44",383,54,18,8,10,
"HAS URFA (Halal grill), Bochum Alleestraße 26","2026-06-02, 06:44","1,672",481,208,75,253,
"KUMPELS im Deutschen Bergbau-Museum Bochum, Bochum Schillerstraße 20","2026-06-02, 06:44",153,17,19,8,11,
"Neuland Küche.Bar.Bühne, Bochum Rottstraße 15","2026-06-02, 06:45",135,37,11,6,3,
"Finca & Bar Celona Bochum, Bochum Gahlensche Str. 92","2026-06-02, 06:45","2,867","1,265",329,95,163,
"Blondies cafe / Bochum, Bochum Hattinger Str. 80","2026-06-02, 06:45",746,205,62,48,40,
"Gourmet Plaza Bochum, Bochum Viktoriastraße 14","2026-06-02, 06:46",33,1,1,2,1,Two to five reviews removed due to defamation complaints.
"YUMINI, Bochum Viktoriastraße 43-45","2026-06-02, 06:56","1,421",615,172,86,119,
"Restaurant Fässle, Bochum Nordring 50","2026-06-02, 06:56",75,21,4,1,4,
"Nandys Restaurant Bochum, Bochum Kortumstraße 9","2026-06-02, 06:57",177,19,11,8,19,
"Pizzeria Piccolo, Bochum Castroper Hellweg 417","2026-06-02, 06:57",346,34,8,6,11,
"Restaurant Side, Bochum ","2026-06-02, 06:57",789,259,84,36,49,
"Fischhaus Gräte, Bochum Hans-Böckler-Straße 22","2026-06-02, 06:58",340,80,27,11,19,
"Atinka African Bar & Restaurant, Bochum ","2026-06-02, 06:58",97,12,4,3,5,
"Restaurant Gut Mausbeck, Bochum Kornweg 36","2026-06-02, 06:59",261,89,27,1,16,21 to 50 reviews removed due to defamation complaints.
"Genki Bao & Burger, Bochum ","2026-06-02, 06:59",408,62,22,3,5,Two to five reviews removed due to defamation complaints.
"Veganland Cigköfte Bochum, Bochum Kortumstraße 25","2026-06-02, 07:10",171,5,0,0,7,
"Wie Du Willst - Imbiss - فلافل على كيفك, Bochum ","2026-06-02, 07:10",751,137,56,22,121,
"Sortie, Bochum Kortumstraße 22","2026-06-02, 07:11",187,44,17,3,15,11 to 20 reviews removed due to defamation complaints.
"Restaurant - Café Klosterhof, Bochum Am Varenholt 17","2026-06-02, 07:11",217,97,35,7,13,
"Best Friends Sushi, Bochum ","2026-06-02, 07:11",633,205,54,27,43,
"BOB'S Rock & Bowl Bochum, Bochum Kortumstraße 7","2026-06-02, 07:12",213,26,21,7,30,
"Restaurant Post's Lottental, Bochum Grimbergstraße 52","2026-06-02, 07:12",432,164,73,30,57,
"Restaurant Sorbas, Bochum Castroper Str. 137","2026-06-02, 07:12","1,032",410,253,144,249,
"Sunami, Bochum ","2026-06-02, 07:13",94,15,5,5,9,
"Sukhothai, Bochum Bochumer Str. 15","2026-06-02, 07:13","1,497",174,45,21,26,
"Haus des Döners, Bochum Kortumstraße 45","2026-06-02, 07:13",279,62,42,4,8,21 to 50 reviews removed due to defamation complaints.
"Das Syrische Restaurant, Bochum Kortumstraße 97-99","2026-06-02, 07:14","1,006",220,148,75,288,
"PIANO CAFÉ, Bochum Viktoriastraße 14 a","2026-06-02, 07:35",127,14,3,4,5,
"Café Enjoy the Place-Bochum, Bochum Große Beckstraße 12","2026-06-02, 07:35",19,2,0,0,0,
"Himalaya Imbiss, Bochum ","2026-06-02, 07:35",300,11,5,1,3,
"Café Barbera, Bochum Bleichstraße 2","2026-06-02, 07:36",303,18,5,1,7,
"Norm's Crepes & Hot Dogs - Bochum, Bochum ","2026-06-02, 07:36",164,1,2,0,1,
"Tanas, Bochum Königsallee 15","2026-06-02, 07:36",31,18,1,0,4,
"Pizzamanns Bochum, Bochum Kerkwege 2-4","2026-06-02, 07:37",250,67,10,1,5,51 to 100 reviews removed due to defamation complaints.
"SÖNER - Sucuk Döner, Bochum ","2026-06-02, 07:37",560,43,3,2,5,11 to 20 reviews removed due to defamation complaints.
"Cafe Zur Altstadt, Bochum Pariser Str. 40","2026-06-02, 07:37",273,80,35,7,24,
"Bermuda Döner,  Bochum Kortumstraße 17","2026-06-02, 07:38",86,15,2,4,12,51 to 100 reviews removed due to defamation complaints.
"Trattoria Momo, Bochum ","2026-06-02, 12:05","1,808",408,145,21,24,
"Una Más - Bochum, Bochum ","2026-06-02, 12:05",682,181,44,16,24,
"Paulaner Botschaft, Bochum Brückstraße 31","2026-06-02, 12:05","1,052",243,75,25,1,21 to 50 reviews removed due to defamation complaints.
"Livingroom, Bochum Luisenstraße 9-13","2026-06-02, 12:06",755,268,91,38,31,
"Yamas mezé restaurant & weinbar, Bochum Massenbergstraße 1","2026-06-02, 12:06","1,447",485,146,71,70,
"Mutter Wittig, Bochum ","2026-06-02, 12:06",819,429,179,83,83,
"Taverna Avli, Bochum Luisenstraße 14","2026-06-02, 12:07",933,275,54,28,24,51 to 100 reviews removed due to defamation complaints.
"Steakhaus El Toro, Bochum Kreuzstraße 3","2026-06-02, 12:07","1,045",218,75,44,71,
"Five, Bochum ","2026-06-02, 12:07",139,8,1,4,1,
"Emma's, Bochum Hellweg 28-30","2026-06-02, 12:08",257,31,6,3,1,Two to five reviews removed due to defamation complaints.
"Begopa, Bochum Nordring 100","2026-06-02, 12:08",452,74,29,6,7,
"Restaurant Franz Ferdinand, Bochum ","2026-06-02, 12:09","1,309",367,100,56,43,
"Hatoky Restaurant, Bochum ","2026-06-02, 12:09","1,221",379,86,5,9,
"Ristorante Carmelo - Bochum, Bochum Max-Greve-Straße 32-34","2026-06-02, 12:09",838,191,42,11,21,
"Osteria al Vecchio Torchio, Bochum ","2026-06-02, 12:10",194,41,11,5,6,
"VIU Restaurant & Bar, Bochum","2026-06-02, 12:10",30,2,0,0,3,
"Potato Bochum, Bochum Huestraße 6","2026-06-02, 12:10",333,22,5,0,4,
"Giuseppe, Bochum ","2026-06-02, 12:11",428,67,5,0,1,Six to ten reviews removed due to defamation complaints.
"La Piazza Cafe-Osteria, Bochum Alter Markt 3","2026-06-02, 12:11",334,54,12,3,8,
"LEVAROSA, Bochum Herner Str. 36","2026-06-02, 12:11",606,71,36,27,27,
"Masala Project(Indien Culinary Art Restaurant), Bochum Viktoriastraße 71","2026-06-02, 12:12","1,075",76,29,16,47,
"Galletto Grill, Bochum Küppersstraße 41","2026-06-02, 12:12",473,89,28,16,27,
"Restaurant Aubergine, Bochum Pieperstraße 13","2026-06-02, 12:12",282,79,16,8,5,
"Mandragora, Bochum Konrad-Adenauer-Platz 1","2026-06-02, 12:12",360,190,59,13,14,
"Brauhaus Rietkötter, Bochum Große Beckstraße 7","2026-06-02, 12:13","1,141",458,100,45,45,
"Zum Grünen Gaul, Bochum Alte Hattinger Str. 31","2026-06-02, 12:13",482,112,38,12,21,
"Sakura Bochum, Bochum Castroper Str. 204","2026-06-02, 12:14","2,148",613,155,45,56,
"Nhy Star, Bochum Brüderstraße 5","2026-06-02, 12:14",799,236,62,24,44,
"Bratwursthaus, Bochum Kortumstraße 18","2026-06-02, 12:14","2,983",592,197,73,79,
"COM Vietnamese Kitchen, Bochum Huestraße 5","2026-06-02, 12:15",328,51,18,12,5,
"Pablo, Bochum ","2026-06-02, 12:15",411,106,37,11,18,
"L'Osteria Bochum Husemann Karree, Bochum Viktoriastraße 14 a","2026-06-02, 12:15",865,113,37,24,32,
"TAKE - THE GOOD FOOD Bochum, Bochum Kortumstraße 49","2026-06-02, 12:15",187,11,1,1,6,
"AOSORA, Bochum Hellweg 18","2026-06-02, 12:16",286,70,26,7,5,
"Dooby’s Vegan Streetfood, Bochum ","2026-06-02, 12:16",264,11,1,1,7,
"TequilaRia Bochum, Bochum ","2026-06-02, 12:17",718,189,95,38,69,Six to ten reviews removed due to defamation complaints.
"The ASH Bochum, Bochum Am Einkaufszentrum 4a","2026-06-02, 12:17","5,515",968,446,307,351,
"Purino Bochum im Strätlingshof, Bochum Altenbochumer Str. 64","2026-06-02, 12:17",48,12,5,4,4,
"Restaurant Korabi, Bochum ","2026-06-02, 12:18",387,49,16,7,3,
"Tapas Bar und Restaurant - Bochum, Bochum Kortumstraße 3","2026-06-02, 12:18",493,219,65,21,20,
"Badalona Bar, Bochum Brüderstraße 2","2026-06-02, 12:18",309,155,48,1,6,11 to 20 reviews removed due to defamation complaints.
"Hartmann's Wirtshaus, Bochum Wasserstraße 77","2026-06-02, 12:19",421,142,44,20,25,
"Mufasa Bar, Brunch & Restaurant - Bochum, Bochum Widumestraße 6","2026-06-02, 12:19",242,54,2,1,2,11 to 20 reviews removed due to defamation complaints.
"Bat Viet, Bochum U. Marktstraße 9","2026-06-02, 12:19",510,53,10,8,15,
"Falafel Star, Bochum ","2026-06-02, 12:20",635,54,11,4,8,
"Zur Altstadt Bochum, Bochum Brückstraße 20","2026-06-02, 12:20",497,222,51,17,18,
"Citana Restaurant, Bochum Kortumstraße 29","2026-06-02, 12:21",459,78,27,14,24,
"Coco Loco, Bochum Berneckerstraße 23","2026-06-02, 12:21",583,219,55,35,32,
"El Rancho, Bochum Willy-Brandt-Platz 5","2026-06-02, 12:21",982,248,82,31,30,
"Zentral, Bochum ","2026-06-02, 12:22",573,268,86,36,30,
"Wok‘ n Roll, Bochum Kortumstraße 36","2026-06-02, 12:22",939,264,54,4,4,
"Zlatanz Cucina Italiana, Bochum Huestraße 5","2026-06-02, 12:23",371,39,1,0,0,Two to five reviews removed due to defamation complaints.
"Fiege's Stammhaus, Bochum Bongardstraße 23","2026-06-02, 12:23",765,413,124,0,0,Two to five reviews removed due to defamation complaints.
"kantine.wtf, Bochum ","2026-06-02, 12:23",116,13,6,7,6,
"Oktober Café, Bochum Willy-Brandt-Platz 5-7","2026-06-02, 12:24",533,107,52,6,2,21 to 50 reviews removed due to defamation complaints.
"Kimbap Spot, Bochum Ostring 22","2026-06-02, 12:24",697,84,26,13,16,
"Taste-Trip Restaurant Bochum Innenstadt, Bochum ","2026-06-02, 12:25",33,0,0,0,0,
"Tarbosch Restaurant مطعم طربوش, Bochum Massenbergstraße 26","2026-06-02, 12:25",227,20,7,3,56,
"Parkschlösschen am Stadtpark, Bochum Bergstraße 65","2026-06-02, 12:36",366,137,42,25,19,
"Hopfengarten, Bochum Hattinger Str. 237","2026-06-02, 12:36",365,97,30,13,15,
"Bitburger Wirtshaus, Bochum Kortumstraße 12 -14","2026-06-02, 12:37",323,119,31,22,85,
"Restaurant Wintergarten - internationale Spezialitäten, Bochum Weststraße 29","2026-06-02, 12:37",716,178,18,15,17,
"Restaurant Karawane, Bochum Große Beckstraße 27","2026-06-02, 12:38",376,131,51,16,20,
"THREE SIXTY, Bochum Kortumstraße 2-14","2026-06-02, 12:38","1,575",830,253,93,129,
"PASTA viva la mamma, Bochum ","2026-06-02, 12:38",465,134,52,19,24,
"Taubenschlag Gaststätte - Bochum, Bochum U. Marktstraße 7","2026-06-02, 12:39",208,59,15,4,8,
"Katzentempel Bochum, Bochum Huestraße 10","2026-06-02, 12:39","1,157",222,98,42,82,
"HANS IM GLÜCK - BOCHUM Kortumstraße, Bochum Kortumstraße 39","2026-06-02, 12:40","2,118",848,257,70,90,
"Suppen Schulz, Bochum ","2026-06-02, 12:40",138,14,0,0,0,
"Osaka - Bochum, Bochum ","2026-06-02, 12:40",82,19,7,2,3,
"Nefis | Brunch- und Frühstückssalon | Bochum, Bochum Alleestraße 26a","2026-06-02, 12:41",161,29,14,5,5,
"Hanoi October, Bochum Kortumstraße 140","2026-06-02, 12:41",290,41,14,14,29,
"Burger Brothers, Bochum ","2026-06-02, 12:42","1,023",166,69,68,59,
"K wie Kartoffel, Bochum Kurt-Schumacher-Platz 7","2026-06-02, 12:42",332,28,6,4,8,
"Gasthaus Goeke, Bochum Josephinenstraße 65","2026-06-02, 12:42",978,353,91,32,25,
"Havanna Bochum, Bochum Kreuzstraße 12","2026-06-02, 12:43",241,111,35,4,14,
"Leonidas, Bochum Annastraße 25","2026-06-02, 12:43",905,130,29,11,12,
"Farina Bochum UG & Co. KG, Bochum ","2026-06-02, 12:44",700,341,132,46,40,
"Dui Sushi Restaurant in Bochum, Bochum Hattinger Str. 402","2026-06-02, 12:44",383,54,18,8,10,
"HAS URFA (Halal grill), Bochum Alleestraße 26","2026-06-02, 12:44","1,672",481,208,75,253,
"KUMPELS im Deutschen Bergbau-Museum Bochum, Bochum Schillerstraße 20","2026-06-02, 12:45",153,17,19,8,11,
"Neuland Küche.Bar.Bühne, Bochum Rottstraße 15","2026-06-02, 12:45",135,37,11,6,3,
"Finca & Bar Celona Bochum, Bochum Gahlensche Str. 92","2026-06-02, 12:45","2,867","1,265",329,95,163,
"Blondies cafe / Bochum, Bochum Hattinger Str. 80","2026-06-02, 12:46",746,205,62,48,40,
"Gourmet Plaza Bochum, Bochum Viktoriastraße 14","2026-06-02, 12:46",33,1,1,2,1,Two to five reviews removed due to defamation complaints.
"YUMINI, Bochum Viktoriastraße 43-45","2026-06-02, 12:57","1,421",615,172,86,119,
"Restaurant Fässle, Bochum Nordring 50","2026-06-02, 12:57",75,21,4,1,4,
"Nandys Restaurant Bochum, Bochum Kortumstraße 9","2026-06-02, 12:58",177,19,11,8,19,
"Pizzeria Piccolo, Bochum Castroper Hellweg 417","2026-06-02, 12:58",346,34,8,6,11,
"Restaurant Side, Bochum ","2026-06-02, 12:59",789,259,84,36,49,
"Fischhaus Gräte, Bochum Hans-Böckler-Straße 22","2026-06-02, 12:59",340,80,27,11,19,
"Atinka African Bar & Restaurant, Bochum ","2026-06-02, 13:00",97,12,4,3,5,
"Restaurant Gut Mausbeck, Bochum Kornweg 36","2026-06-02, 13:00",261,89,27,1,16,21 to 50 reviews removed due to defamation complaints.
"Genki Bao & Burger, Bochum ","2026-06-02, 13:00",408,62,22,3,5,Two to five reviews removed due to defamation complaints.
"Veganland Cigköfte Bochum, Bochum Kortumstraße 25","2026-06-02, 13:11",171,5,0,0,7,
"Wie Du Willst - Imbiss - فلافل على كيفك, Bochum ","2026-06-02, 13:11",751,137,56,22,121,
"Sortie, Bochum Kortumstraße 22","2026-06-02, 13:12",187,44,17,3,15,11 to 20 reviews removed due to defamation complaints.
"Restaurant - Café Klosterhof, Bochum Am Varenholt 17","2026-06-02, 13:12",217,97,35,7,13,
"Best Friends Sushi, Bochum ","2026-06-02, 13:13",633,205,54,27,43,
"BOB'S Rock & Bowl Bochum, Bochum Kortumstraße 7","2026-06-02, 13:13",213,26,21,7,30,
"Restaurant Post's Lottental, Bochum Grimbergstraße 52","2026-06-02, 13:13",432,164,73,30,57,
"Restaurant Sorbas, Bochum Castroper Str. 137","2026-06-02, 13:14","1,032",410,253,144,249,
"Sunami, Bochum ","2026-06-02, 13:14",94,15,5,5,9,
"Sukhothai, Bochum Bochumer Str. 15","2026-06-02, 13:15","1,497",174,45,21,26,
"Haus des Döners, Bochum Kortumstraße 45","2026-06-02, 13:15",279,62,42,4,8,21 to 50 reviews removed due to defamation complaints.
"Das Syrische Restaurant, Bochum Kortumstraße 97-99","2026-06-02, 13:15","1,006",220,148,75,288,
"PIANO CAFÉ, Bochum Viktoriastraße 14 a","2026-06-02, 13:36",127,14,3,4,5,
"Café Enjoy the Place-Bochum, Bochum Große Beckstraße 12","2026-06-02, 13:36",19,2,0,0,0,
"Himalaya Imbiss, Bochum ","2026-06-02, 13:37",300,11,5,1,3,
"Café Barbera, Bochum Bleichstraße 2","2026-06-02, 13:37",303,18,5,1,7,
"Norm's Crepes & Hot Dogs - Bochum, Bochum ","2026-06-02, 13:38",164,1,2,0,1,
"Tanas, Bochum Königsallee 15","2026-06-02, 13:38",31,18,1,0,4,
"Pizzamanns Bochum, Bochum Kerkwege 2-4","2026-06-02, 13:38",250,67,10,1,5,51 to 100 reviews removed due to defamation complaints.
"SÖNER - Sucuk Döner, Bochum ","2026-06-02, 13:39",560,43,3,2,5,11 to 20 reviews removed due to defamation complaints.
"Cafe Zur Altstadt, Bochum Pariser Str. 40","2026-06-02, 13:39",273,80,35,7,24,
"Bermuda Döner,  Bochum Kortumstraße 17","2026-06-02, 13:39",86,15,2,4,12,51 to 100 reviews removed due to defamation complaints.
"Trattoria Momo, Bochum ","2026-06-02, 18:05","1,808",408,145,21,24,
"Una Más - Bochum, Bochum ","2026-06-02, 18:05",682,181,44,16,24,
"Paulaner Botschaft, Bochum Brückstraße 31","2026-06-02, 18:05","1,052",243,75,25,1,21 to 50 reviews removed due to defamation complaints.
"Livingroom, Bochum Luisenstraße 9-13","2026-06-02, 18:06",755,268,91,38,31,
"Yamas mezé restaurant & weinbar, Bochum Massenbergstraße 1","2026-06-02, 18:06","1,447",485,146,71,70,
"Mutter Wittig, Bochum ","2026-06-02, 18:06",819,429,179,83,83,
"Taverna Avli, Bochum Luisenstraße 14","2026-06-02, 18:07",934,275,54,28,24,51 to 100 reviews removed due to defamation complaints.
"Steakhaus El Toro, Bochum Kreuzstraße 3","2026-06-02, 18:07","1,046",218,75,44,71,
"Five, Bochum ","2026-06-02, 18:07",139,8,1,4,1,
"Emma's, Bochum Hellweg 28-30","2026-06-02, 18:08",257,31,6,3,1,Two to five reviews removed due to defamation complaints.
"Begopa, Bochum Nordring 100","2026-06-02, 18:08",452,74,29,6,7,
"Restaurant Franz Ferdinand, Bochum ","2026-06-02, 18:09","1,309",367,100,56,43,
"Hatoky Restaurant, Bochum ","2026-06-02, 18:09","1,221",379,86,5,9,
"Ristorante Carmelo - Bochum, Bochum Max-Greve-Straße 32-34","2026-06-02, 18:09",838,191,42,11,21,
"Osteria al Vecchio Torchio, Bochum ","2026-06-02, 18:10",194,41,11,5,6,
"VIU Restaurant & Bar, Bochum","2026-06-02, 18:10",30,2,0,0,3,
"Potato Bochum, Bochum Huestraße 6","2026-06-02, 18:10",335,22,5,0,4,
"Giuseppe, Bochum ","2026-06-02, 18:11",428,67,5,0,1,Six to ten reviews removed due to defamation complaints.
"La Piazza Cafe-Osteria, Bochum Alter Markt 3","2026-06-02, 18:11",334,54,12,3,8,
"LEVAROSA, Bochum Herner Str. 36","2026-06-02, 18:12",606,71,36,27,27,
"Masala Project(Indien Culinary Art Restaurant), Bochum Viktoriastraße 71","2026-06-02, 18:12","1,075",76,29,16,47,
"Galletto Grill, Bochum Küppersstraße 41","2026-06-02, 18:12",473,89,28,16,27,
"Restaurant Aubergine, Bochum Pieperstraße 13","2026-06-02, 18:13",282,79,16,8,5,
"Mandragora, Bochum Konrad-Adenauer-Platz 1","2026-06-02, 18:13",360,190,59,13,14,
"Brauhaus Rietkötter, Bochum Große Beckstraße 7","2026-06-02, 18:14","1,141",458,100,45,45,
"Zum Grünen Gaul, Bochum Alte Hattinger Str. 31","2026-06-02, 18:14",482,112,38,12,21,
"Sakura Bochum, Bochum Castroper Str. 204","2026-06-02, 18:14","2,149",613,155,45,56,
"Nhy Star, Bochum Brüderstraße 5","2026-06-02, 18:15",799,236,62,24,44,
"Bratwursthaus, Bochum Kortumstraße 18","2026-06-02, 18:15","2,983",593,197,73,79,
"COM Vietnamese Kitchen, Bochum Huestraße 5","2026-06-02, 18:16",328,51,18,12,5,
"Pablo, Bochum ","2026-06-02, 18:16",411,106,37,11,18,
"L'Osteria Bochum Husemann Karree, Bochum Viktoriastraße 14 a","2026-06-02, 18:16",865,113,37,24,32,
"TAKE - THE GOOD FOOD Bochum, Bochum Kortumstraße 49","2026-06-02, 18:17",187,11,1,1,6,
"AOSORA, Bochum Hellweg 18","2026-06-02, 18:17",286,70,26,7,5,
"Dooby’s Vegan Streetfood, Bochum ","2026-06-02, 18:17",264,11,1,1,7,
"TequilaRia Bochum, Bochum ","2026-06-02, 18:18",718,189,95,38,69,Six to ten reviews removed due to defamation complaints.
"The ASH Bochum, Bochum Am Einkaufszentrum 4a","2026-06-02, 18:18","5,514",968,446,306,351,
"Purino Bochum im Strätlingshof, Bochum Altenbochumer Str. 64","2026-06-02, 18:18",48,12,5,4,4,
"Restaurant Korabi, Bochum ","2026-06-02, 18:19",388,49,16,7,3,
"Tapas Bar und Restaurant - Bochum, Bochum Kortumstraße 3","2026-06-02, 18:19",493,219,65,21,20,
"Badalona Bar, Bochum Brüderstraße 2","2026-06-02, 18:20",309,155,48,1,6,11 to 20 reviews removed due to defamation complaints.
"Hartmann's Wirtshaus, Bochum Wasserstraße 77","2026-06-02, 18:20",421,142,44,20,25,
"Mufasa Bar, Brunch & Restaurant - Bochum, Bochum Widumestraße 6","2026-06-02, 18:20",242,54,2,1,2,11 to 20 reviews removed due to defamation complaints.
"Bat Viet, Bochum U. Marktstraße 9","2026-06-02, 18:21",510,53,10,8,15,
"Falafel Star, Bochum ","2026-06-02, 18:21",635,54,11,4,8,
"Zur Altstadt Bochum, Bochum Brückstraße 20","2026-06-02, 18:21",497,222,51,17,18,
"Citana Restaurant, Bochum Kortumstraße 29","2026-06-02, 18:22",459,78,27,14,24,
"Coco Loco, Bochum Berneckerstraße 23","2026-06-02, 18:22",583,219,55,35,32,
"El Rancho, Bochum Willy-Brandt-Platz 5","2026-06-02, 18:23",982,248,82,31,30,
"Zentral, Bochum ","2026-06-02, 18:23",573,268,86,36,30,
"Wok‘ n Roll, Bochum Kortumstraße 36","2026-06-02, 18:23",939,264,54,4,4,
"Zlatanz Cucina Italiana, Bochum Huestraße 5","2026-06-02, 18:24",371,39,1,0,0,Two to five reviews removed due to defamation complaints.
"Fiege's Stammhaus, Bochum Bongardstraße 23","2026-06-02, 18:24",765,413,124,0,0,Two to five reviews removed due to defamation complaints.
"kantine.wtf, Bochum ","2026-06-02, 18:25",116,13,6,7,6,
"Oktober Café, Bochum Willy-Brandt-Platz 5-7","2026-06-02, 18:25",533,107,52,6,2,21 to 50 reviews removed due to defamation complaints.
"Kimbap Spot, Bochum Ostring 22","2026-06-02, 18:25",697,84,26,13,16,
"Taste-Trip Restaurant Bochum Innenstadt, Bochum ","2026-06-02, 18:26",34,0,0,0,0,
"Tarbosch Restaurant مطعم طربوش, Bochum Massenbergstraße 26","2026-06-02, 18:26",227,20,7,3,56,
"Parkschlösschen am Stadtpark, Bochum Bergstraße 65","2026-06-02, 18:37",366,137,42,25,19,
"Hopfengarten, Bochum Hattinger Str. 237","2026-06-02, 18:37",365,97,30,13,15,
"Bitburger Wirtshaus, Bochum Kortumstraße 12 -14","2026-06-02, 18:37",323,119,31,22,85,
"Restaurant Wintergarten - internationale Spezialitäten, Bochum Weststraße 29","2026-06-02, 18:38",716,178,18,15,17,
"Restaurant Karawane, Bochum Große Beckstraße 27","2026-06-02, 18:38",376,131,51,16,20,
"THREE SIXTY, Bochum Kortumstraße 2-14","2026-06-02, 18:38","1,575",830,253,93,129,
"PASTA viva la mamma, Bochum ","2026-06-02, 18:39",465,134,52,19,24,
"Taubenschlag Gaststätte - Bochum, Bochum U. Marktstraße 7","2026-06-02, 18:39",208,59,15,4,8,
"Katzentempel Bochum, Bochum Huestraße 10","2026-06-02, 18:40","1,158",222,98,42,82,
"HANS IM GLÜCK - BOCHUM Kortumstraße, Bochum Kortumstraße 39","2026-06-02, 18:40","2,118",848,257,70,90,
"Suppen Schulz, Bochum ","2026-06-02, 18:40",138,14,0,0,0,
"Osaka - Bochum, Bochum ","2026-06-02, 18:41",82,19,7,2,3,
"Nefis | Brunch- und Frühstückssalon | Bochum, Bochum Alleestraße 26a","2026-06-02, 18:41",161,29,14,5,5,
"Hanoi October, Bochum Kortumstraße 140","2026-06-02, 18:41",290,41,14,14,29,
"Burger Brothers, Bochum ","2026-06-02, 18:42","1,023",166,69,68,59,
"K wie Kartoffel, Bochum Kurt-Schumacher-Platz 7","2026-06-02, 18:42",332,28,6,4,8,
"Gasthaus Goeke, Bochum Josephinenstraße 65","2026-06-02, 18:42",978,353,91,32,25,
"Havanna Bochum, Bochum Kreuzstraße 12","2026-06-02, 18:43",241,111,35,4,14,
"Leonidas, Bochum Annastraße 25","2026-06-02, 18:43",905,130,29,11,12,
"Farina Bochum UG & Co. KG, Bochum ","2026-06-02, 18:44",700,341,132,46,40,
"Dui Sushi Restaurant in Bochum, Bochum Hattinger Str. 402","2026-06-02, 18:44",383,54,18,8,10,
"HAS URFA (Halal grill), Bochum Alleestraße 26","2026-06-02, 18:44","1,671",481,208,75,253,
"KUMPELS im Deutschen Bergbau-Museum Bochum, Bochum Schillerstraße 20","2026-06-02, 18:45",153,17,19,8,11,
"Neuland Küche.Bar.Bühne, Bochum Rottstraße 15","2026-06-02, 18:45",135,37,11,6,3,
"Finca & Bar Celona Bochum, Bochum Gahlensche Str. 92","2026-06-02, 18:45","2,867","1,265",329,95,163,
"Blondies cafe / Bochum, Bochum Hattinger Str. 80","2026-06-02, 18:46",746,206,62,48,40,
"Gourmet Plaza Bochum, Bochum Viktoriastraße 14","2026-06-02, 18:46",33,1,1,2,1,Two to five reviews removed due to defamation complaints.
"YUMINI, Bochum Viktoriastraße 43-45","2026-06-02, 18:56","1,421",615,172,86,119,
"Restaurant Fässle, Bochum Nordring 50","2026-06-02, 18:57",75,21,4,1,4,
"Nandys Restaurant Bochum, Bochum Kortumstraße 9","2026-06-02, 18:57",177,19,11,8,19,
"Pizzeria Piccolo, Bochum Castroper Hellweg 417","2026-06-02, 18:57",346,34,8,6,11,
"Restaurant Side, Bochum ","2026-06-02, 18:58",789,259,84,36,49,
"Fischhaus Gräte, Bochum Hans-Böckler-Straße 22","2026-06-02, 18:58",340,80,27,11,19,
"Atinka African Bar & Restaurant, Bochum ","2026-06-02, 18:59",97,12,4,3,5,
"Restaurant Gut Mausbeck, Bochum Kornweg 36","2026-06-02, 18:59",261,89,27,1,16,21 to 50 reviews removed due to defamation complaints.
"Genki Bao & Burger, Bochum ","2026-06-02, 19:00",408,62,22,3,5,Two to five reviews removed due to defamation complaints.
"Veganland Cigköfte Bochum, Bochum Kortumstraße 25","2026-06-02, 19:10",171,5,0,0,7,
"Wie Du Willst - Imbiss - فلافل على كيفك, Bochum ","2026-06-02, 19:11",751,137,56,22,121,
"Sortie, Bochum Kortumstraße 22","2026-06-02, 19:11",187,44,17,3,15,11 to 20 reviews removed due to defamation complaints.
"Restaurant - Café Klosterhof, Bochum Am Varenholt 17","2026-06-02, 19:11",217,97,35,7,13,
"Best Friends Sushi, Bochum ","2026-06-02, 19:12",633,205,54,27,43,
"BOB'S Rock & Bowl Bochum, Bochum Kortumstraße 7","2026-06-02, 19:12",213,26,21,7,30,
"Restaurant Post's Lottental, Bochum Grimbergstraße 52","2026-06-02, 19:12",432,164,73,30,57,
"Restaurant Sorbas, Bochum Castroper Str. 137","2026-06-02, 19:13","1,032",410,253,144,249,
"Sunami, Bochum ","2026-06-02, 19:13",94,15,5,5,9,
"Sukhothai, Bochum Bochumer Str. 15","2026-06-02, 19:14","1,497",174,45,21,26,
"Haus des Döners, Bochum Kortumstraße 45","2026-06-02, 19:14",279,62,42,4,8,21 to 50 reviews removed due to defamation complaints.
"Das Syrische Restaurant, Bochum Kortumstraße 97-99","2026-06-02, 19:14","1,006",220,148,75,288,
"PIANO CAFÉ, Bochum Viktoriastraße 14 a","2026-06-02, 19:35",127,14,3,4,5,
"Café Enjoy the Place-Bochum, Bochum Große Beckstraße 12","2026-06-02, 19:36",19,2,0,0,0,
"Himalaya Imbiss, Bochum ","2026-06-02, 19:36",300,11,5,1,3,
"Café Barbera, Bochum Bleichstraße 2","2026-06-02, 19:37",303,18,5,1,7,
"Norm's Crepes & Hot Dogs - Bochum, Bochum ","2026-06-02, 19:37",164,1,2,0,1,
"Tanas, Bochum Königsallee 15","2026-06-02, 19:37",31,18,1,0,4,
"Pizzamanns Bochum, Bochum Kerkwege 2-4","2026-06-02, 19:38",250,67,10,1,5,51 to 100 reviews removed due to defamation complaints.
"SÖNER - Sucuk Döner, Bochum ","2026-06-02, 19:38",560,43,3,2,5,11 to 20 reviews removed due to defamation complaints.
"Cafe Zur Altstadt, Bochum Pariser Str. 40","2026-06-02, 19:39",273,80,35,7,24,
"Bermuda Döner,  Bochum Kortumstraße 17","2026-06-02, 19:39",86,15,2,4,12,51 to 100 reviews removed due to defamation complaints.
